StudentID,Name,StudyTimeWeekly,AttendanceRate,SleepHours,Failures,ParentalSupport,Extracurriculars,Tutoring,TestPrepCourse,PreviousGrade,FinalGrade,Pass
STU1000,Michael Martin,8.1,92.0,8.9,0,2,0,0,0,68.5,58.0,0
STU1001,Mark Anderson,22.2,91.2,7.5,0,1,1,0,0,62.9,66.9,1
STU1002,David Davis,20.3,84.6,5.5,0,1,0,1,0,84.8,60.4,1
STU1003,Mark Lee,17.1,94.0,8.6,0,1,1,0,0,72.3,66.7,1
STU1004,Michael Jackson,21.6,75.7,6.3,0,0,1,0,0,71.0,57.9,0
STU1005,Daniel Hernandez,21.9,88.6,8.1,1,1,1,0,0,78.1,60.4,1
STU1006,David White,18.3,61.9,8.9,1,1,0,0,0,72.1,50.1,0
STU1007,Christopher Brown,21.3,90.3,7.5,0,2,0,0,0,88.9,74.5,1
STU1008,Linda White,18.0,97.8,5.2,1,2,0,1,1,83.8,71.8,1
STU1009,John Perez,17.6,90.0,5.9,1,1,1,0,1,73.4,55.4,0
STU1010,Christopher Johnson,16.2,87.0,8.6,0,1,1,0,0,82.8,70.2,1
STU1011,Lisa Lopez,19.3,77.2,6.8,0,1,0,0,0,79.5,69.7,1
STU1012,Sandra Garcia,5.6,67.5,7.1,0,1,1,1,1,57.2,50.9,0
STU1013,Mary Lee,22.3,91.5,7.9,0,1,1,0,0,77.7,75.0,1
STU1014,James Lopez,22.1,85.4,7.8,0,1,0,1,1,76.3,80.2,1
STU1015,Betty Perez,2.7,92.8,7.3,0,1,1,0,0,69.8,57.1,0
STU1016,Mark Lopez,21.0,83.4,6.7,0,0,1,1,1,72.6,77.5,1
STU1017,Matthew Taylor,5.0,65.9,6.6,0,2,1,0,0,56.8,41.1,0
STU1018,Anthony Martinez,9.7,66.0,8.0,2,0,0,0,1,88.9,45.2,0
STU1019,Ashley Thomas,19.1,89.8,7.7,0,2,0,0,0,87.7,77.6,1
STU1020,Joseph Anderson,5.7,93.6,6.7,0,2,0,0,1,57.1,56.6,0
STU1021,Sandra Jackson,20.8,71.8,8.3,0,1,0,0,0,81.9,70.1,1
STU1022,Barbara Thompson,21.1,88.1,6.8,0,2,0,0,0,79.2,78.5,1
STU1023,Karen Harris,13.7,72.9,6.0,2,1,1,0,1,74.2,47.4,0
STU1024,John Jones,2.1,78.8,6.1,0,1,1,0,0,62.8,45.3,0
STU1025,Charles Miller,8.6,85.6,5.8,0,1,1,1,1,81.7,62.2,1
STU1026,Christopher Rodriguez,16.2,53.3,6.7,1,1,0,0,0,72.7,54.7,0
STU1027,Michael Moore,24.6,73.1,8.5,0,1,1,1,1,77.5,75.8,1
STU1028,Patricia Harris,16.5,80.1,6.0,0,1,1,0,0,85.4,64.3,1
STU1029,Margaret Wilson,8.0,98.1,7.2,0,1,1,0,1,71.5,61.0,1
STU1030,Sarah Rodriguez,16.6,94.0,6.2,1,1,1,0,1,76.5,60.1,1
STU1031,Betty Lee,14.4,65.4,6.7,0,1,1,0,0,72.8,52.3,0
STU1032,Mary Martin,19.9,96.0,5.2,0,0,1,1,1,76.9,70.3,1
STU1033,Margaret Anderson,4.5,92.0,6.7,0,0,0,0,1,65.1,45.6,0
STU1034,Margaret Miller,19.5,80.3,6.8,0,1,1,1,0,68.3,61.5,1
STU1035,Barbara Davis,14.4,97.6,7.6,1,0,0,1,0,64.8,62.2,1
STU1036,Joseph Williams,24.1,92.8,7.3,0,0,0,0,0,68.9,68.3,1
STU1037,Susan Taylor,9.9,73.3,5.6,0,2,0,1,1,49.8,54.6,0
STU1038,Patricia Moore,16.6,94.0,8.3,0,0,0,0,0,64.4,63.5,1
STU1039,Linda Brown,23.4,90.3,7.3,1,1,0,1,0,77.8,75.0,1
STU1040,Mary Garcia,4.4,97.1,7.2,0,1,0,1,0,66.9,48.6,0
STU1041,Nancy Martinez,23.6,82.3,7.0,1,2,0,0,0,75.6,58.5,0
STU1042,Patricia Perez,17.8,82.8,6.4,1,1,1,1,1,46.1,47.7,0
STU1043,Mark Moore,3.6,84.3,7.3,0,1,0,0,1,82.0,57.3,0
STU1044,Betty Lopez,8.9,85.0,7.6,0,1,1,0,0,80.6,59.1,0
STU1045,Mary Martinez,18.3,85.4,4.9,0,1,0,0,0,80.4,61.9,1
STU1046,Sandra Brown,3.5,82.6,6.4,1,1,1,0,1,85.8,54.7,0
STU1047,Susan Thomas,15.4,86.2,6.7,0,0,1,0,0,61.2,53.7,0
STU1048,Joseph Davis,10.0,87.6,7.3,0,2,1,1,0,91.4,69.5,1
STU1049,Susan Thompson,16.3,79.2,8.4,1,1,1,0,0,61.0,41.8,0
STU1050,Margaret Harris,3.1,98.8,6.1,0,1,0,0,0,67.8,46.6,0
STU1051,Sandra Davis,22.0,95.6,6.4,0,2,1,0,0,64.3,65.1,1
STU1052,Christopher Thomas,24.4,86.3,6.4,0,1,1,0,1,80.3,74.5,1
STU1053,Richard Moore,24.3,66.1,6.0,0,2,1,1,0,81.6,68.0,1
STU1054,Joseph Lee,19.2,93.0,6.6,1,1,1,1,1,75.1,66.0,1
STU1055,Lisa Harris,5.0,76.2,7.9,0,2,0,1,0,71.6,51.9,0
STU1056,Margaret Gonzalez,19.4,98.9,5.7,0,0,1,0,0,79.2,66.4,1
STU1057,William Anderson,2.6,86.6,7.5,1,2,0,0,1,56.4,39.4,0
STU1058,Richard Smith,2.5,75.4,5.0,0,2,1,1,0,54.2,40.4,0
STU1059,Matthew Miller,9.4,77.7,6.3,3,1,0,1,0,76.6,33.4,0
STU1060,William White,13.2,88.7,6.6,3,0,1,0,0,63.7,33.3,0
STU1061,James Lopez,19.7,88.1,9.0,0,1,0,0,0,87.6,70.2,1
STU1062,Linda White,17.7,77.0,6.7,0,2,0,1,1,88.0,80.3,1
STU1063,Donald Hernandez,12.3,88.8,4.4,0,1,1,1,0,50.7,51.8,0
STU1064,Charles Taylor,8.3,90.2,4.6,0,1,1,0,1,81.4,61.6,1
STU1065,Linda Williams,24.9,64.2,7.0,0,0,1,1,0,98.0,73.0,1
STU1066,John Smith,11.8,92.1,7.7,0,1,0,0,0,73.9,62.1,1
STU1067,Anthony Jones,12.4,81.1,7.5,0,1,0,0,1,76.9,66.1,1
STU1068,Elizabeth Miller,5.8,78.4,7.2,1,2,1,0,1,76.5,54.4,0
STU1069,Betty Rodriguez,20.3,84.2,8.4,0,1,1,0,0,73.2,73.3,1
STU1070,Margaret Miller,18.0,90.2,6.4,0,2,1,0,0,77.7,70.5,1
STU1071,William Davis,7.1,60.9,8.1,0,1,1,0,0,46.7,41.8,0
STU1072,Barbara Johnson,3.9,97.2,5.0,3,0,1,0,1,67.0,32.8,0
STU1073,James Thomas,17.7,69.8,5.9,0,1,1,1,1,78.2,70.7,1
STU1074,Daniel Thompson,17.1,85.9,4.8,1,1,1,1,1,80.4,61.5,1
STU1075,Sandra White,8.3,82.8,6.7,0,2,1,0,0,79.5,58.4,0
STU1076,Robert Williams,23.9,91.5,6.9,0,2,1,0,1,71.2,76.8,1
STU1077,Barbara Davis,5.5,92.1,7.1,0,1,1,1,0,59.5,54.2,0
STU1078,Nancy Williams,11.9,88.5,7.1,0,1,1,0,0,93.2,70.8,1
STU1079,James Williams,23.7,54.4,5.9,0,1,0,1,0,73.0,66.0,1
STU1080,Robert Anderson,11.7,64.5,6.8,0,2,0,1,1,69.1,54.6,0
STU1081,Susan Williams,16.7,88.5,5.2,0,2,0,0,1,73.5,63.0,1
STU1082,James Jones,11.1,82.1,8.6,2,2,1,1,0,59.0,46.9,0
STU1083,Betty Thompson,8.3,87.6,6.6,0,1,0,1,0,86.9,61.8,1
STU1084,Donald Wilson,24.6,89.2,6.4,3,1,0,0,1,74.4,66.8,1
STU1085,Michael Rodriguez,11.4,92.8,8.9,0,1,1,0,0,57.2,57.4,0
STU1086,Joseph Anderson,22.6,93.5,5.5,0,1,1,0,0,74.3,67.8,1
STU1087,Betty Martinez,7.3,80.3,5.6,0,1,1,0,1,45.0,41.5,0
STU1088,Margaret Gonzalez,6.9,81.1,5.7,0,0,1,0,1,57.5,44.7,0
STU1089,Charles Miller,2.7,80.2,6.9,0,0,1,0,0,50.2,37.4,0
STU1090,Thomas Martin,17.0,86.2,7.5,0,2,1,0,0,81.6,70.4,1
STU1091,Mark Brown,10.5,91.7,7.9,0,2,1,1,0,61.7,59.3,0
STU1092,Sandra Jones,21.9,92.0,10.0,0,1,1,0,0,89.6,78.3,1
STU1093,Daniel Miller,12.9,98.8,4.3,0,1,0,0,1,89.6,75.4,1
STU1094,Richard Anderson,24.3,80.3,7.7,1,1,1,0,0,88.5,74.2,1
STU1095,David Brown,6.3,98.6,6.3,0,2,0,0,1,64.9,59.6,0
STU1096,Richard Miller,22.0,71.3,6.3,0,2,0,0,0,77.6,60.6,1
STU1097,Anthony Jackson,19.9,78.2,6.3,0,2,1,0,0,57.0,59.8,0
STU1098,Nancy Johnson,19.7,58.6,5.9,0,2,0,0,0,70.6,63.6,1
STU1099,Elizabeth Gonzalez,21.4,76.9,9.0,0,1,1,1,1,66.0,76.5,1
STU1100,Sandra Harris,19.5,92.1,8.0,0,1,1,1,0,85.4,79.7,1
STU1101,Christopher Garcia,16.4,83.4,7.0,0,1,1,0,0,98.0,78.8,1
STU1102,Margaret Lopez,5.0,92.6,8.6,0,1,1,0,0,71.6,56.5,0
STU1103,Barbara Martin,2.7,88.3,5.2,0,2,1,0,0,45.0,42.4,0
STU1104,Sandra Hernandez,23.2,66.3,5.4,0,1,0,1,0,71.8,60.3,1
STU1105,Ashley Thompson,16.2,83.5,4.4,0,0,1,0,0,74.6,57.9,0
STU1106,Margaret Harris,20.3,95.7,6.2,2,1,1,1,0,79.3,65.7,1
STU1107,Michael Smith,13.1,90.3,7.2,0,2,1,0,0,62.9,56.7,0
STU1108,James Harris,4.7,85.8,7.1,0,1,1,0,0,67.2,47.2,0
STU1109,Anthony Harris,4.9,89.3,7.2,1,1,0,0,0,50.0,36.8,0
STU1110,Karen Gonzalez,17.8,72.5,5.3,1,1,0,1,0,61.4,48.0,0
STU1111,William Williams,11.9,77.6,8.0,0,0,0,1,0,76.6,62.1,1
STU1112,Michael Garcia,6.6,85.0,7.3,0,1,0,0,0,53.5,43.2,0
STU1113,Linda Rodriguez,13.3,75.9,7.9,3,2,1,0,1,76.1,53.8,0
STU1114,Sandra Jones,3.5,79.8,4.7,0,1,1,0,0,46.0,30.5,0
STU1115,James Jackson,15.4,95.7,7.4,2,2,0,0,0,95.5,68.2,1
STU1116,Elizabeth Lopez,8.2,64.6,5.6,0,1,1,1,0,54.6,41.0,0
STU1117,Lisa Anderson,20.3,96.8,6.5,0,0,1,1,1,75.8,66.8,1
STU1118,Anthony Perez,9.1,96.5,7.6,0,2,0,1,1,73.4,70.2,1
STU1119,Ashley White,12.5,95.2,7.1,0,1,0,1,1,65.1,63.7,1
STU1120,William Martin,2.3,54.7,6.0,1,1,1,0,0,59.4,25.1,0
STU1121,Thomas Taylor,3.7,77.7,7.0,3,2,1,1,0,69.1,28.3,0
STU1122,Betty Martin,11.0,95.3,5.2,0,1,1,1,1,82.3,69.9,1
STU1123,Barbara Miller,13.0,94.8,8.4,0,2,0,0,1,81.8,77.0,1
STU1124,Mary Williams,15.8,88.1,6.8,1,0,1,1,0,71.4,58.3,0
STU1125,Thomas Jones,8.7,80.6,8.3,0,1,0,0,1,64.9,56.2,0
STU1126,Thomas White,18.0,82.2,6.4,0,0,0,1,1,98.0,79.2,1
STU1127,Thomas Taylor,21.8,83.4,6.4,0,2,1,0,0,89.0,75.0,1
STU1128,Mary Johnson,19.9,67.9,6.1,0,1,0,0,0,62.7,48.3,0
STU1129,Margaret Perez,2.9,86.9,8.1,1,2,0,0,0,64.2,38.5,0
STU1130,Daniel Jones,13.1,84.9,6.1,0,2,0,0,0,66.8,56.4,0
STU1131,Ashley Smith,4.4,89.3,7.8,0,1,0,0,1,63.0,52.5,0
STU1132,James Jackson,7.6,98.1,6.5,3,1,1,0,0,53.7,33.1,0
STU1133,Sandra Johnson,24.7,84.3,4.6,0,1,1,0,1,75.1,73.8,1
STU1134,Christopher Lopez,5.3,88.3,6.3,0,1,0,0,1,86.9,65.0,1
STU1135,Betty Garcia,13.5,86.3,5.6,0,1,0,1,0,78.3,62.3,1
STU1136,Ashley Thompson,16.2,76.0,7.0,0,1,0,1,0,45.0,44.3,0
STU1137,Patricia Thompson,18.2,95.5,5.6,0,2,1,0,1,91.1,80.8,1
STU1138,David White,14.9,90.8,8.1,0,2,0,1,1,86.2,80.8,1
STU1139,Anthony Taylor,2.2,97.4,6.9,0,2,1,0,1,59.7,44.8,0
STU1140,Donald Garcia,9.5,89.4,6.8,0,2,0,1,0,77.3,61.1,1
STU1141,Lisa Jones,13.9,99.4,7.8,0,1,0,0,0,63.4,56.7,0
STU1142,Karen Johnson,4.0,98.4,8.2,0,1,1,0,0,60.0,51.7,0
STU1143,Jennifer Perez,10.1,90.1,7.0,0,2,1,0,1,87.2,68.1,1
STU1144,David Thomas,2.8,98.4,6.1,0,1,0,0,0,61.4,47.2,0
STU1145,Jessica Smith,3.8,86.7,4.9,0,2,1,1,1,45.0,46.6,0
STU1146,William Garcia,11.1,78.0,6.2,0,1,1,1,0,67.5,55.6,0
STU1147,Jessica Williams,5.1,63.7,6.3,2,1,1,0,1,60.3,29.3,0
STU1148,Karen Brown,15.1,94.6,7.1,1,2,1,0,1,88.3,68.0,1
STU1149,Charles Williams,17.9,91.3,6.6,0,2,1,1,0,75.8,67.4,1
STU1150,Donald Jackson,20.4,96.6,7.8,1,1,1,1,0,73.4,68.0,1
STU1151,Karen Miller,6.6,92.8,6.3,0,2,0,0,0,79.4,62.1,1
STU1152,Karen Rodriguez,5.9,61.7,6.9,3,1,1,0,0,63.0,20.8,0
STU1153,James Davis,4.4,76.3,8.4,0,1,1,0,0,53.6,49.5,0
STU1154,Ashley Miller,16.6,92.3,7.4,0,2,0,0,0,88.7,72.0,1
STU1155,Sarah Davis,18.2,99.3,6.9,0,1,0,0,0,79.5,75.2,1
STU1156,James Hernandez,2.7,99.4,6.3,0,1,0,0,1,64.8,50.7,0
STU1157,Margaret Harris,23.5,89.8,6.2,3,1,1,1,0,82.1,48.2,0
STU1158,Matthew Moore,3.2,87.2,6.0,0,1,1,0,0,50.4,42.4,0
STU1159,Daniel Martinez,14.4,66.6,6.4,0,1,1,1,1,62.9,59.2,0
STU1160,John Miller,18.3,90.3,7.9,0,1,0,1,0,75.9,70.1,1
STU1161,Margaret Thomas,22.0,82.3,6.7,0,0,1,1,1,75.3,69.2,1
STU1162,Betty Thomas,18.4,98.2,5.4,0,2,1,0,1,92.4,80.3,1
STU1163,Matthew Martin,20.4,76.0,9.1,0,1,0,1,0,78.0,68.5,1
STU1164,Margaret Taylor,9.8,82.5,7.4,2,2,1,0,0,78.1,47.4,0
STU1165,Mary Smith,20.7,97.1,5.3,0,1,1,0,0,78.9,72.7,1
STU1166,Jessica Lopez,3.8,70.6,6.5,0,1,1,0,0,74.0,49.1,0
STU1167,Robert Jones,22.6,92.4,7.1,2,1,1,0,0,84.3,63.7,1
STU1168,Ashley Thompson,14.6,83.2,9.0,0,1,1,1,0,72.0,64.9,1
STU1169,William Rodriguez,20.8,93.6,5.7,0,1,0,1,0,78.2,69.8,1
STU1170,John Jackson,12.4,96.9,8.2,0,1,1,0,0,60.6,53.2,0
STU1171,Jessica Thomas,16.8,86.9,8.7,1,1,0,0,0,80.2,59.3,0
STU1172,John Martin,14.1,78.8,6.2,0,0,0,0,0,70.3,39.9,0
STU1173,Lisa Perez,18.8,63.8,6.7,2,1,0,0,1,66.3,43.1,0
STU1174,Lisa Smith,3.9,94.1,5.8,1,0,1,1,0,78.1,49.5,0
STU1175,Lisa Martin,3.4,72.1,6.8,0,0,1,0,0,46.2,36.0,0
STU1176,David Taylor,7.7,98.2,7.0,0,2,0,1,0,63.5,58.1,0
STU1177,Linda Brown,5.7,82.0,7.8,0,1,0,0,0,76.8,56.0,0
STU1178,Jennifer Davis,22.1,90.6,8.3,0,1,1,0,0,82.7,65.4,1
STU1179,Karen Williams,7.0,60.9,6.1,1,1,1,0,0,61.8,35.9,0
STU1180,Jessica Harris,24.4,85.2,4.6,3,2,1,0,0,83.0,46.6,0
STU1181,John Harris,9.7,94.9,7.0,0,1,1,0,0,71.8,54.0,0
STU1182,Mark Moore,6.2,80.1,7.4,0,2,1,1,0,46.4,46.5,0
STU1183,Ashley Wilson,20.2,78.9,7.3,0,1,0,1,0,71.4,71.0,1
STU1184,Sarah Johnson,17.2,80.6,6.6,0,2,1,0,0,92.9,74.2,1
STU1185,Nancy Williams,13.5,83.6,7.1,0,2,0,0,0,63.0,56.8,0
STU1186,Jessica Rodriguez,14.8,88.2,8.8,0,2,1,0,1,68.9,68.5,1
STU1187,Patricia Smith,18.5,85.3,7.5,0,0,0,0,1,68.8,60.3,1
STU1188,Patricia Smith,7.3,52.7,6.6,0,1,1,0,0,60.3,38.4,0
STU1189,Susan Lee,24.9,93.3,6.4,0,1,1,0,0,74.6,72.8,1
STU1190,Jessica Martin,24.4,84.8,6.8,1,1,1,1,0,85.7,65.5,1
STU1191,Lisa Davis,17.0,88.7,9.0,1,2,0,1,1,76.9,72.6,1
STU1192,Michael Williams,6.6,83.4,6.8,0,0,1,1,0,74.7,53.9,0
STU1193,Thomas Smith,17.6,95.7,7.0,0,0,0,0,1,63.5,65.4,1
STU1194,Jessica Lopez,3.7,61.9,6.4,0,1,0,1,1,55.8,48.1,0
STU1195,Anthony Jackson,2.7,98.1,8.3,0,0,0,0,1,61.8,44.9,0
STU1196,Nancy Thompson,7.9,91.5,9.4,0,1,1,0,0,73.2,57.7,0
STU1197,Nancy Wilson,12.6,76.0,7.5,0,2,1,1,0,59.6,54.2,0
STU1198,Sandra Garcia,22.0,81.7,7.1,0,1,1,0,0,88.5,65.7,1
STU1199,Jennifer Gonzalez,18.7,88.6,7.0,0,0,1,0,0,90.2,66.1,1
STU1200,Charles Perez,19.1,94.3,4.1,0,1,1,1,0,65.2,73.0,1
STU1201,Linda Johnson,11.8,89.5,7.9,0,1,1,1,1,64.6,66.9,1
STU1202,Christopher Smith,10.0,97.4,7.2,0,0,0,1,0,63.8,63.9,1
STU1203,Margaret Anderson,10.5,86.9,7.5,4,1,0,0,0,98.0,46.2,0
STU1204,Ashley Smith,24.7,87.4,6.1,0,2,1,0,0,75.4,69.1,1
STU1205,Robert Thomas,2.9,66.6,6.5,0,2,1,1,1,80.1,57.9,0
STU1206,Charles Brown,21.9,97.0,6.5,0,2,1,0,1,64.6,74.1,1
STU1207,John Taylor,15.3,92.0,8.2,2,0,1,0,0,61.8,45.8,0
STU1208,Ashley Taylor,12.1,85.5,6.5,0,2,0,0,0,61.9,52.6,0
STU1209,Barbara Wilson,18.7,78.8,9.5,0,2,0,0,0,64.3,57.0,0
STU1210,Christopher Garcia,13.2,69.6,7.5,1,2,1,0,0,65.4,62.2,1
STU1211,John Rodriguez,22.1,93.0,5.5,0,0,0,0,0,70.8,61.9,1
STU1212,Robert White,22.7,88.5,6.8,0,2,0,0,1,69.3,70.5,1
STU1213,Mark Taylor,11.7,76.0,6.2,0,2,1,0,0,82.3,62.4,1
STU1214,Susan Lee,8.4,80.1,4.4,0,2,0,0,0,81.0,55.5,0
STU1215,Donald Williams,15.6,81.2,8.9,0,0,1,0,0,83.7,65.8,1
STU1216,Margaret Smith,23.0,90.9,7.8,0,2,1,1,1,86.0,91.0,1
STU1217,Karen Lee,6.8,93.1,7.6,0,2,1,0,0,68.2,57.2,0
STU1218,Ashley Thompson,16.3,81.0,7.2,0,1,0,0,0,66.9,53.0,0
STU1219,James Williams,16.5,83.9,5.3,0,1,0,1,1,62.0,61.0,1
STU1220,Ashley Moore,18.9,97.1,6.4,0,2,1,0,0,81.7,71.0,1
STU1221,Matthew Martinez,5.0,82.6,8.0,0,1,0,0,1,50.0,52.1,0
STU1222,Donald Perez,18.5,64.6,5.7,2,1,0,0,0,60.2,42.2,0
STU1223,Betty Williams,22.9,80.0,4.0,0,1,0,1,1,91.8,78.0,1
STU1224,Linda Wilson,6.1,68.4,6.7,0,2,0,1,0,85.6,55.1,0
STU1225,Lisa Moore,7.5,96.6,6.8,0,0,0,1,0,72.8,52.8,0
STU1226,Ashley Anderson,24.3,72.5,7.2,0,1,1,1,1,91.3,81.4,1
STU1227,Nancy Thompson,6.2,99.0,7.9,0,1,0,0,0,64.5,55.1,0
STU1228,Mary Martinez,21.7,64.4,7.8,0,2,0,0,0,58.6,55.7,0
STU1229,Mary Taylor,13.3,88.6,7.3,0,1,1,0,0,78.9,61.8,1
STU1230,Linda Smith,7.7,86.5,8.4,0,2,1,0,0,73.6,57.7,0
STU1231,William Hernandez,22.0,91.6,5.2,1,2,0,1,0,79.9,67.7,1
STU1232,Nancy Thomas,12.2,86.0,7.6,0,0,0,0,1,67.4,48.3,0
STU1233,Michael Martinez,13.8,83.0,7.8,0,1,1,0,1,82.7,64.5,1
STU1234,Daniel Williams,10.3,82.5,5.5,0,0,1,1,0,56.4,45.9,0
STU1235,Sarah Harris,15.6,93.8,5.2,0,1,1,0,0,64.9,62.8,1
STU1236,Lisa Gonzalez,5.8,91.0,6.1,0,1,1,0,0,53.8,42.3,0
STU1237,Margaret Miller,11.0,82.0,6.2,0,2,0,0,1,69.8,61.0,1
STU1238,Matthew Brown,24.3,95.5,7.9,0,2,1,0,0,68.4,73.6,1
STU1239,Richard Martin,7.9,88.2,6.3,0,0,0,0,0,59.0,50.8,0
STU1240,James Davis,17.1,81.3,6.0,1,0,1,0,0,65.1,53.1,0
STU1241,Ashley Wilson,9.5,95.6,6.3,0,1,1,0,0,66.5,55.3,0
STU1242,Jessica Wilson,19.8,90.7,8.3,0,1,1,1,0,59.2,63.4,1
STU1243,Barbara Jackson,5.0,87.1,7.0,1,1,0,1,0,65.8,43.8,0
STU1244,Daniel Anderson,24.3,67.7,6.8,0,2,0,0,1,92.2,77.1,1
STU1245,Margaret Johnson,12.4,89.6,6.9,0,2,1,0,0,72.7,60.6,1
STU1246,Mary Thompson,7.4,67.6,8.6,0,1,1,1,0,82.2,62.4,1
STU1247,Donald Perez,3.7,80.4,6.1,0,2,1,1,0,78.7,60.1,1
STU1248,Charles Harris,5.9,87.5,8.6,0,1,0,0,0,74.8,58.5,0
STU1249,Betty Perez,14.0,91.7,7.3,0,2,0,0,0,73.5,69.0,1
STU1250,Betty Perez,9.8,86.0,6.8,0,1,1,1,0,68.6,65.9,1
STU1251,Thomas Martin,21.1,98.1,10.0,0,0,0,0,1,88.4,80.8,1
STU1252,Elizabeth Garcia,11.9,66.4,5.7,1,2,1,0,0,62.4,48.1,0
STU1253,Joseph Perez,7.7,71.1,6.6,0,1,1,0,0,45.0,37.3,0
STU1254,David Jones,16.2,82.6,5.5,0,2,1,0,0,78.9,69.6,1
STU1255,James Davis,18.3,83.7,8.1,0,1,1,0,1,61.2,67.7,1
STU1256,Christopher Lopez,5.8,86.0,9.0,0,0,1,0,1,53.7,53.3,0
STU1257,Barbara Jones,5.9,99.7,9.0,1,0,0,1,1,67.3,55.2,0
STU1258,Michael Brown,2.8,81.2,8.5,0,1,1,0,0,61.0,44.1,0
STU1259,Jennifer Gonzalez,18.9,64.3,6.8,0,1,0,0,1,55.5,48.3,0
STU1260,Ashley Martin,17.3,86.1,6.6,0,1,1,0,0,76.4,64.0,1
STU1261,Sandra Anderson,12.9,76.8,5.0,0,1,0,1,0,81.1,67.2,1
STU1262,John Thompson,21.4,96.8,9.4,0,1,1,0,1,65.8,71.6,1
STU1263,Linda Martin,20.5,82.2,7.6,0,2,0,0,1,91.7,82.5,1
STU1264,Jessica Gonzalez,15.5,71.7,6.4,0,1,0,0,0,52.1,50.4,0
STU1265,Sarah Martinez,22.0,69.6,8.6,0,2,1,1,0,98.0,80.9,1
STU1266,Sandra Jackson,6.7,85.4,5.8,0,1,0,0,0,60.9,52.0,0
STU1267,Thomas White,4.6,83.0,7.5,0,1,1,0,0,65.5,37.8,0
STU1268,Donald Jackson,8.2,83.0,6.8,2,0,1,0,0,45.0,21.9,0
STU1269,Margaret Thompson,3.3,75.7,7.8,1,1,0,1,1,60.9,41.2,0
STU1270,Betty Jones,14.2,90.3,6.9,2,0,1,0,1,75.3,48.0,0
STU1271,Betty Lee,23.5,96.9,5.3,3,1,0,1,1,80.0,60.3,1
STU1272,Sandra Thompson,2.9,59.4,7.1,0,1,0,1,1,52.1,43.4,0
STU1273,Donald Rodriguez,4.8,71.8,8.3,0,1,1,1,0,50.9,46.3,0
STU1274,Barbara Lee,12.4,81.3,7.0,0,2,1,0,1,83.3,71.6,1
STU1275,James Smith,23.5,95.8,7.9,1,1,0,1,0,81.2,67.6,1
STU1276,Joseph Johnson,9.3,97.4,5.7,0,1,1,0,0,88.2,60.1,1
STU1277,Ashley Perez,13.7,75.5,7.0,3,0,1,0,0,63.6,33.0,0
STU1278,Jessica Harris,3.0,98.6,6.3,0,2,1,1,0,59.6,51.4,0
STU1279,Linda Gonzalez,5.4,98.2,7.9,1,0,0,0,1,76.5,47.1,0
STU1280,Christopher Smith,24.7,91.8,7.0,0,1,1,0,1,61.7,73.4,1
STU1281,Jessica Miller,24.2,84.8,7.8,0,1,1,0,0,65.2,71.5,1
STU1282,Ashley Jones,2.1,83.5,8.3,1,1,1,0,1,75.0,56.6,0
STU1283,Nancy Thompson,23.9,84.9,7.8,0,1,1,0,0,65.4,66.5,1
STU1284,John Lopez,16.7,71.2,7.3,1,2,1,1,1,49.9,55.0,0
STU1285,Betty Thomas,22.0,74.4,5.8,0,0,0,1,0,98.0,79.3,1
STU1286,Charles Jones,12.5,75.9,7.0,0,1,1,0,0,52.3,44.9,0
STU1287,Nancy Harris,13.9,75.6,6.4,0,1,0,0,0,72.3,60.2,1
STU1288,Mark Wilson,13.2,63.9,6.6,0,0,0,1,0,68.7,53.1,0
STU1289,Margaret Jones,17.3,97.7,6.6,0,1,1,0,0,45.0,56.7,0
STU1290,Joseph Taylor,5.2,81.5,5.8,0,1,0,0,1,60.8,49.3,0
STU1291,Sandra Wilson,2.7,68.4,4.7,0,1,1,0,0,65.4,46.1,0
STU1292,Sandra Martin,9.1,56.8,6.2,0,1,1,0,1,67.7,50.9,0
STU1293,Robert Lopez,18.2,93.5,7.2,0,1,0,0,1,87.1,69.5,1
STU1294,Jessica Thomas,6.6,77.2,5.4,0,2,1,0,0,59.9,52.9,0
STU1295,Christopher Miller,17.5,86.7,7.0,0,1,1,0,0,83.2,64.3,1
STU1296,Patricia Smith,24.3,69.6,9.3,0,1,1,0,1,69.3,74.8,1
STU1297,Sandra Jones,4.2,89.4,8.2,0,1,1,0,0,47.5,43.2,0
STU1298,Daniel Martinez,17.5,86.6,9.0,0,0,0,1,1,59.0,68.3,1
STU1299,Nancy Jones,12.2,53.4,7.5,0,0,1,1,0,47.9,45.8,0
STU1300,Patricia Johnson,22.0,92.2,8.4,0,1,1,0,0,91.2,80.1,1
STU1301,Karen Martinez,6.1,95.3,6.1,3,2,0,0,1,48.6,32.5,0
STU1302,Betty Jackson,17.9,82.7,6.2,1,2,1,1,0,77.7,65.3,1
STU1303,Betty Smith,21.3,79.4,4.0,0,0,1,0,0,73.4,50.8,0
STU1304,Lisa Jones,23.7,93.6,8.4,0,2,0,1,0,79.4,80.3,1
STU1305,Richard Brown,17.7,88.2,8.8,1,2,0,0,1,91.4,69.1,1
STU1306,Jessica White,13.4,85.4,6.3,0,1,1,1,1,66.0,64.2,1
STU1307,Jessica Thompson,16.2,81.9,6.7,0,2,0,0,0,80.2,61.1,1
STU1308,Mary Taylor,22.0,86.4,6.1,0,1,1,0,0,78.7,63.8,1
STU1309,Margaret Martin,15.1,96.9,7.5,0,1,0,1,0,72.5,73.4,1
STU1310,Lisa Lopez,2.7,90.8,8.3,3,1,1,0,0,91.0,47.2,0
STU1311,Sarah Williams,23.4,70.4,4.9,0,1,0,0,0,59.6,54.7,0
STU1312,Margaret Smith,17.9,84.6,7.5,0,1,0,0,1,90.1,75.3,1
STU1313,James Jackson,17.6,87.1,6.7,0,1,1,1,0,82.6,70.1,1
STU1314,David Jones,7.0,84.3,7.1,1,2,1,0,0,60.1,47.1,0
STU1315,Barbara Williams,17.2,82.8,7.6,1,2,1,0,1,93.3,69.4,1
STU1316,James Smith,11.1,84.2,6.8,0,2,1,0,0,47.0,52.2,0
STU1317,Linda Martinez,17.0,57.4,6.9,0,2,0,0,0,63.6,51.9,0
STU1318,David Lopez,4.5,86.0,6.7,0,2,0,0,0,49.6,41.9,0
STU1319,Mark Gonzalez,17.1,74.7,8.2,1,0,1,0,0,77.5,54.8,0
STU1320,Barbara Wilson,25.0,64.5,7.5,1,1,1,0,1,64.0,55.6,0
STU1321,Mary Jackson,3.1,92.9,7.3,0,1,1,0,0,69.3,53.5,0
STU1322,Sarah Williams,24.5,93.5,5.5,0,2,0,0,0,79.0,71.0,1
STU1323,Daniel Taylor,11.4,78.3,6.5,0,1,1,0,0,62.7,53.2,0
STU1324,Betty Davis,22.0,98.0,8.1,0,2,0,0,1,84.6,86.9,1
STU1325,Mark Martinez,20.0,96.1,7.0,0,0,1,0,0,74.8,63.4,1
STU1326,Betty Johnson,15.0,90.0,7.8,0,1,1,1,0,60.1,60.5,1
STU1327,Charles Rodriguez,19.0,77.9,9.1,0,2,0,0,1,98.0,83.6,1
STU1328,Michael Brown,22.2,86.2,8.2,0,0,1,1,0,72.5,67.7,1
STU1329,Betty Lee,11.3,78.0,7.1,0,1,0,0,1,45.0,48.8,0
STU1330,Sarah Gonzalez,9.5,91.1,6.4,0,1,1,0,0,58.8,53.4,0
STU1331,David White,17.4,75.1,4.0,0,1,0,0,1,57.6,57.3,0
STU1332,Patricia Harris,20.6,83.4,6.8,0,2,1,0,0,86.5,71.1,1
STU1333,Christopher Harris,19.5,90.2,6.6,0,1,0,1,0,80.7,67.7,1
STU1334,Patricia Martinez,20.3,98.4,7.5,0,1,1,1,1,83.5,80.3,1
STU1335,Robert Rodriguez,12.0,77.0,6.8,0,0,1,1,0,64.4,49.7,0
STU1336,Lisa Williams,20.8,90.2,6.6,1,2,1,0,0,74.5,65.5,1
STU1337,Thomas Williams,4.8,63.6,4.9,0,1,0,0,0,56.5,31.9,0
STU1338,Jessica Brown,14.5,85.4,5.9,1,1,1,0,0,71.1,61.4,1
STU1339,Sarah Taylor,2.1,90.8,7.6,0,2,0,1,1,73.0,67.1,1
STU1340,Michael White,9.5,79.9,9.1,0,1,1,0,0,71.2,57.1,0
STU1341,Daniel Jones,10.4,95.3,6.9,0,2,0,0,1,76.3,70.3,1
STU1342,Barbara Taylor,11.1,79.7,7.4,0,1,1,0,0,74.5,51.3,0
STU1343,Daniel Gonzalez,18.0,68.3,8.1,0,1,0,0,0,82.9,74.2,1
STU1344,Daniel Harris,10.9,71.3,6.0,0,0,0,1,0,70.5,49.8,0
STU1345,John Rodriguez,12.3,86.7,7.4,1,2,0,0,1,74.8,59.2,0
STU1346,Sandra Taylor,7.5,83.9,6.1,0,2,1,0,1,80.5,56.2,0
STU1347,Thomas Martin,10.6,93.3,8.0,2,1,0,0,0,62.1,43.9,0
STU1348,Jessica Harris,7.2,68.3,7.2,1,1,1,1,1,53.4,38.7,0
STU1349,Nancy Gonzalez,3.7,74.3,7.4,0,2,1,0,0,47.5,41.2,0
STU1350,Anthony Jackson,15.9,86.7,6.1,0,1,1,1,0,75.6,63.6,1
STU1351,Thomas Brown,17.4,93.6,7.8,0,2,1,0,1,53.3,59.5,0
STU1352,Barbara Rodriguez,16.2,90.8,9.5,1,1,0,1,1,79.8,66.4,1
STU1353,Charles Lopez,12.7,96.5,5.8,0,2,1,1,1,70.9,70.6,1
STU1354,William Miller,10.7,72.4,6.6,1,1,0,0,0,80.7,44.9,0
STU1355,Margaret Wilson,21.9,96.0,7.3,0,1,1,0,0,71.5,66.0,1
STU1356,Donald Martin,13.9,82.6,7.9,2,1,0,0,0,68.7,47.5,0
STU1357,Charles Anderson,13.0,88.0,6.3,0,2,1,0,0,84.7,77.6,1
STU1358,Jessica Lee,2.6,76.2,4.0,0,1,0,1,1,77.8,55.9,0
STU1359,Robert Williams,9.8,98.7,8.6,1,1,1,0,0,62.2,47.3,0
STU1360,Barbara Harris,10.7,75.3,7.9,1,1,0,0,1,69.7,49.9,0
STU1361,Karen Lee,11.2,81.1,4.9,0,1,1,0,0,72.3,54.4,0
STU1362,Patricia Lee,15.3,79.3,6.3,0,2,0,0,0,76.3,60.7,1
STU1363,Daniel Thomas,14.3,89.1,8.9,0,2,1,1,1,69.3,75.7,1
STU1364,Matthew Miller,16.0,68.2,8.7,3,0,1,0,0,86.0,44.5,0
STU1365,Richard Lee,19.6,95.8,8.1,1,2,1,1,1,55.0,67.9,1
STU1366,Elizabeth Miller,20.7,83.4,6.8,1,2,1,1,0,71.7,62.7,1
STU1367,Susan Jones,18.5,98.9,7.1,0,2,1,0,1,82.7,83.7,1
STU1368,John Thompson,24.0,87.7,6.8,0,1,1,0,0,85.5,73.7,1
STU1369,Mark Hernandez,2.4,88.9,8.4,0,2,1,1,0,79.1,58.5,0
STU1370,David Moore,6.5,79.5,5.9,1,0,1,0,1,79.1,58.1,0
STU1371,Joseph Lopez,2.2,94.9,6.0,0,1,1,0,1,60.2,43.1,0
STU1372,William Martinez,16.9,98.4,8.2,1,2,0,0,0,91.5,67.8,1
STU1373,Betty Lopez,22.7,42.2,6.9,0,1,1,0,0,63.5,49.7,0
STU1374,Thomas Garcia,7.6,89.0,8.7,0,0,1,1,0,78.3,71.6,1
STU1375,Michael Wilson,23.3,82.7,6.2,0,2,0,0,0,98.0,86.2,1
STU1376,Richard Davis,3.4,81.7,6.9,0,2,1,0,1,77.2,65.3,1
STU1377,Elizabeth Rodriguez,23.5,82.0,5.9,0,0,0,1,1,80.0,71.6,1
STU1378,Sarah Johnson,10.1,84.7,7.0,0,2,0,1,0,64.4,68.0,1
STU1379,Robert Jones,4.3,81.2,5.2,0,1,1,0,0,45.0,38.4,0
STU1380,Jennifer Jackson,13.2,93.1,6.4,1,1,1,1,1,75.9,67.2,1
STU1381,Linda Thomas,7.9,88.9,5.3,0,2,1,0,0,53.9,49.0,0
STU1382,Richard Smith,8.6,96.7,7.8,0,1,1,1,0,59.5,57.1,0
STU1383,Nancy Martin,9.1,85.9,7.9,0,0,1,0,0,53.5,45.3,0
STU1384,Thomas Miller,20.5,91.6,4.9,0,1,0,0,0,72.2,62.4,1
STU1385,Matthew Gonzalez,14.4,73.0,8.6,1,1,0,1,0,69.8,56.5,0
STU1386,Patricia Brown,9.2,79.9,10.0,0,1,1,0,1,70.3,63.0,1
STU1387,Jennifer Jackson,16.0,67.5,7.1,1,2,0,1,0,63.4,51.7,0
STU1388,Mark Lopez,18.5,84.3,6.2,0,2,1,0,0,87.9,78.0,1
STU1389,Nancy Miller,8.3,89.7,10.0,0,1,1,1,1,65.2,52.6,0
STU1390,Anthony Martinez,11.5,82.4,5.4,0,2,0,1,0,59.8,56.8,0
STU1391,Betty Jackson,4.8,72.1,7.0,0,0,1,0,0,65.0,46.5,0
STU1392,Michael Williams,6.2,81.5,7.2,0,0,1,1,0,88.4,65.9,1
STU1393,Richard Gonzalez,17.7,85.1,8.6,0,2,1,0,0,78.6,69.9,1
STU1394,Sarah Martin,6.2,71.4,7.4,0,0,1,1,1,58.9,50.7,0
STU1395,Margaret Davis,14.1,82.8,6.4,0,1,1,0,1,53.0,58.0,0
STU1396,Mark Rodriguez,18.3,70.8,5.9,0,1,0,1,0,70.3,66.1,1
STU1397,Michael Smith,4.5,84.6,6.6,0,1,1,0,1,66.7,52.1,0
STU1398,John Gonzalez,15.0,85.8,5.8,0,2,1,0,0,67.9,61.2,1
STU1399,Margaret Harris,7.9,73.1,7.1,0,1,1,0,1,45.0,50.6,0
STU1400,Donald Taylor,24.1,91.7,6.3,0,0,1,0,0,70.5,57.2,0
STU1401,Matthew White,13.1,51.9,5.2,0,1,1,1,0,83.4,54.6,0
STU1402,James Garcia,20.5,86.8,8.5,0,1,0,0,0,94.3,82.2,1
STU1403,Christopher Garcia,14.7,82.0,6.4,1,1,1,0,0,61.0,51.8,0
STU1404,Betty Lopez,3.0,91.0,5.5,0,1,1,0,0,71.8,52.7,0
STU1405,Richard Gonzalez,16.6,92.2,6.8,0,2,0,0,0,60.6,58.0,0
STU1406,Mark Anderson,23.9,91.4,7.1,3,2,0,0,1,97.3,63.3,1
STU1407,Christopher Thomas,15.8,94.3,4.9,0,1,1,1,0,77.4,64.7,1
STU1408,Nancy Lee,20.8,72.3,7.4,0,1,1,1,1,86.6,82.9,1
STU1409,David Jones,22.3,78.6,5.7,0,1,1,0,0,56.7,54.0,0
STU1410,Patricia Williams,7.2,77.9,9.1,0,2,1,0,1,73.3,62.6,1
STU1411,Charles Martin,6.9,97.7,7.6,0,2,1,0,1,67.7,59.7,0
STU1412,Matthew Moore,16.1,90.5,6.5,2,1,1,0,1,84.3,62.2,1
STU1413,Joseph Rodriguez,11.5,67.3,6.1,0,2,1,0,1,77.9,59.3,0
STU1414,Thomas Wilson,21.3,90.8,6.9,1,1,0,1,1,79.1,69.8,1
STU1415,Joseph Smith,22.7,85.5,7.7,0,0,1,0,0,71.4,58.3,0
STU1416,Christopher Perez,10.1,85.5,7.0,0,0,1,1,0,77.9,54.1,0
STU1417,Nancy Williams,7.4,66.5,6.7,0,1,1,0,0,62.9,45.6,0
STU1418,Jessica Thompson,20.0,70.0,7.1,1,1,1,0,0,63.6,45.4,0
STU1419,Matthew Hernandez,8.3,96.3,6.3,2,0,1,0,0,57.7,43.7,0
STU1420,Barbara Martinez,20.9,99.1,6.6,0,1,0,0,1,61.5,58.5,0
STU1421,Ashley Thomas,11.7,82.9,4.5,2,1,0,0,0,63.4,33.4,0
STU1422,Linda Garcia,17.4,90.2,8.2,0,1,0,1,0,88.3,75.1,1
STU1423,Barbara White,4.2,85.8,7.4,0,1,0,0,0,66.0,47.5,0
STU1424,Margaret Lee,16.3,78.2,6.1,0,0,1,1,1,66.1,56.8,0
STU1425,Linda Brown,12.4,85.1,9.3,0,1,0,0,0,80.0,60.1,1
STU1426,Betty Davis,15.5,70.0,7.1,0,1,0,0,0,60.6,47.3,0
STU1427,Betty Moore,5.9,95.6,5.8,0,1,1,0,0,67.8,51.5,0
STU1428,Margaret Jones,18.9,64.1,8.0,0,0,1,0,1,70.3,68.4,1
STU1429,William Brown,21.8,99.1,7.5,0,1,0,0,1,89.3,81.3,1
STU1430,Ashley Perez,7.0,51.9,7.5,0,0,1,0,1,45.0,40.6,0
STU1431,Donald Taylor,4.2,97.6,6.5,3,1,1,0,1,55.4,33.6,0
STU1432,William Smith,2.5,76.6,7.5,0,2,0,0,0,45.0,43.0,0
STU1433,Christopher Martin,16.8,58.9,6.7,0,0,0,0,1,66.8,42.1,0
STU1434,Richard Thomas,16.0,94.3,7.7,0,1,1,0,0,89.1,71.0,1
STU1435,Mark Gonzalez,14.6,86.2,4.7,0,0,1,0,0,66.2,58.0,0
STU1436,Susan Williams,7.3,86.7,6.5,1,1,1,1,0,60.4,43.8,0
STU1437,Mark Garcia,11.0,90.8,9.1,0,1,0,0,0,80.5,71.3,1
STU1438,Sarah Jackson,15.7,85.2,6.1,1,1,1,1,1,85.8,73.3,1
STU1439,Ashley Jones,13.4,66.9,6.3,0,1,1,0,0,67.4,50.0,0
STU1440,Joseph Harris,24.7,80.5,6.5,0,2,0,1,1,87.7,80.7,1
STU1441,Mary Martinez,5.1,83.0,5.5,0,1,1,0,0,51.3,37.1,0
STU1442,Lisa Moore,18.0,61.9,4.4,0,1,1,1,0,87.9,62.2,1
STU1443,Anthony Gonzalez,11.3,89.6,6.7,0,1,0,0,0,95.9,63.3,1
STU1444,Robert Thompson,11.8,82.1,7.2,0,2,1,1,1,75.7,71.0,1
STU1445,Lisa Smith,18.5,52.9,6.9,0,2,1,0,1,45.4,44.0,0
STU1446,Nancy Smith,17.9,87.3,6.8,0,1,0,0,0,68.4,63.1,1
STU1447,Sarah Anderson,24.8,79.6,7.1,3,2,1,0,0,86.8,59.4,0
STU1448,Thomas Hernandez,5.0,68.0,8.2,0,1,0,0,0,56.7,35.3,0
STU1449,Christopher Harris,4.4,77.2,6.8,0,2,1,0,0,78.0,61.4,1
STU1450,Nancy Taylor,18.7,65.6,6.3,0,2,0,0,1,79.5,68.8,1
STU1451,Richard Smith,15.3,71.9,6.7,0,0,0,0,0,62.2,52.3,0
STU1452,Mary Rodriguez,8.3,59.7,7.7,0,2,1,1,1,63.6,53.0,0
STU1453,John Smith,3.8,82.4,8.7,1,1,1,0,0,52.3,40.2,0
STU1454,Christopher Thomas,4.0,79.1,6.2,3,1,1,1,0,60.5,32.8,0
STU1455,Daniel Garcia,22.6,65.9,7.1,0,1,0,0,1,68.9,63.3,1
STU1456,Margaret Taylor,6.4,96.4,7.4,0,2,0,0,0,81.3,70.8,1
STU1457,Robert Jones,9.4,72.6,5.8,0,1,1,1,0,91.5,64.1,1
STU1458,Jennifer Williams,7.2,97.6,7.0,0,0,1,1,0,50.9,53.7,0
STU1459,Christopher Thompson,10.2,77.5,5.2,0,2,0,1,0,45.0,46.8,0
STU1460,Robert Lee,3.6,95.0,4.9,0,0,1,0,1,61.8,50.7,0
STU1461,Robert Martinez,13.9,92.9,7.4,0,0,1,0,0,54.5,45.3,0
STU1462,Elizabeth Jackson,3.6,94.9,6.5,0,1,1,0,1,65.3,55.9,0
STU1463,Thomas Lee,20.4,91.4,7.2,0,1,1,0,0,86.7,70.5,1
STU1464,Susan Rodriguez,7.4,80.6,7.0,0,1,0,0,0,83.6,54.3,0
STU1465,Susan Smith,14.4,94.4,5.8,0,0,1,1,0,75.8,70.8,1
STU1466,Charles Gonzalez,22.2,97.4,6.9,0,2,0,1,0,77.7,76.2,1
STU1467,Richard Brown,17.0,86.8,5.5,1,2,1,0,1,50.5,47.2,0
STU1468,Sandra Smith,14.3,83.2,8.7,0,1,1,0,1,71.8,64.1,1
STU1469,Thomas Davis,9.5,69.4,5.4,1,1,1,1,0,66.5,39.7,0
STU1470,Ashley Johnson,9.7,94.0,6.8,0,1,1,0,1,77.1,70.4,1
STU1471,Margaret Davis,17.4,49.4,5.7,0,1,1,0,1,60.5,48.2,0
STU1472,Michael Johnson,24.9,80.3,7.7,0,0,1,0,0,74.4,68.9,1
STU1473,Nancy Perez,17.2,72.4,6.6,0,0,1,0,1,54.6,57.9,0
STU1474,John Moore,14.8,88.1,6.4,2,2,1,1,0,45.2,39.5,0
STU1475,Barbara Smith,18.8,80.5,8.0,0,1,1,0,0,61.5,61.2,1
STU1476,Nancy Lopez,12.7,68.6,7.0,0,1,0,0,0,49.3,39.4,0
STU1477,Robert Harris,3.4,82.6,7.6,0,2,0,0,0,66.8,60.4,1
STU1478,Thomas Thomas,14.9,81.3,5.8,2,1,0,1,0,65.6,48.6,0
STU1479,Donald Anderson,24.0,73.2,5.3,0,1,1,1,0,71.4,65.4,1
STU1480,Daniel Anderson,6.0,96.2,7.1,3,1,1,0,0,55.1,26.2,0
STU1481,Robert Lee,17.9,90.8,6.6,2,0,1,0,1,45.0,39.8,0
STU1482,Susan Johnson,6.6,96.6,7.8,0,2,1,0,1,85.5,69.0,1
STU1483,David Jackson,14.3,78.8,6.9,1,1,1,0,1,58.9,57.9,0
STU1484,Michael Garcia,4.2,85.9,7.2,4,2,0,0,0,59.0,17.3,0
STU1485,Ashley Johnson,12.4,87.5,5.1,0,2,0,0,0,53.2,50.4,0
STU1486,Jennifer Moore,19.4,67.7,9.3,0,2,1,0,0,85.0,70.8,1
STU1487,Mary Moore,10.0,97.6,6.8,0,2,0,0,0,72.0,60.6,1
STU1488,Sandra Anderson,17.3,86.5,7.8,0,1,1,0,0,64.5,60.1,1
STU1489,Anthony Jackson,20.3,92.5,6.0,0,1,1,1,0,73.1,69.1,1
STU1490,Donald Johnson,23.3,88.6,7.4,0,1,1,0,1,98.0,87.9,1
STU1491,Karen Harris,7.4,48.0,5.4,0,1,1,0,1,59.9,44.4,0
STU1492,Jennifer Smith,11.2,96.2,7.5,0,2,1,1,0,68.8,67.3,1
STU1493,Lisa Anderson,5.5,74.2,6.6,0,1,0,0,0,51.9,27.7,0
STU1494,Margaret Thompson,24.8,97.2,7.0,1,2,1,1,1,59.4,70.6,1
STU1495,Elizabeth Jackson,23.3,87.3,7.8,0,2,1,0,0,77.5,67.2,1
STU1496,Thomas Jones,14.4,95.7,5.5,0,2,0,0,0,77.4,67.6,1
STU1497,Mark Brown,21.4,99.5,6.2,0,2,0,1,0,92.9,88.7,1
STU1498,Elizabeth White,14.0,76.9,7.5,0,1,1,0,0,45.0,42.6,0
STU1499,Thomas Martinez,16.3,85.9,9.5,2,0,0,1,0,60.1,45.6,0
STU1500,Thomas Martin,4.0,86.2,6.8,0,0,0,0,1,56.8,43.3,0
STU1501,Lisa Jones,19.4,87.7,7.7,0,1,1,0,1,76.3,76.5,1
STU1502,Mary Garcia,4.9,65.9,6.9,2,1,1,0,0,59.7,29.5,0
STU1503,Christopher Johnson,21.0,89.7,9.3,2,2,0,0,0,76.4,66.8,1
STU1504,Richard Hernandez,20.0,86.4,4.9,0,2,0,0,1,81.5,73.9,1
STU1505,David Thomas,18.3,88.6,7.1,1,1,1,0,0,64.7,55.5,0
STU1506,David Jackson,2.8,96.2,5.0,0,0,0,0,0,75.6,49.8,0
STU1507,Joseph Harris,9.0,83.5,4.0,0,0,1,0,0,72.6,52.9,0
STU1508,Daniel Thompson,8.1,77.1,7.4,0,0,1,1,0,61.8,43.0,0
STU1509,Jessica Hernandez,10.3,99.8,7.2,0,1,0,0,1,90.1,72.3,1
STU1510,Nancy Thomas,4.0,57.2,6.7,1,1,0,1,1,78.1,47.0,0
STU1511,Linda Brown,23.6,95.3,6.9,0,0,0,0,0,92.0,78.3,1
STU1512,Linda Brown,14.7,91.0,10.0,0,1,0,0,0,45.0,51.6,0
STU1513,Lisa Harris,9.0,96.4,6.7,2,0,0,1,0,88.3,48.5,0
STU1514,John Williams,11.1,95.2,7.6,0,1,1,0,0,80.4,64.6,1
STU1515,Anthony Moore,12.3,70.9,6.2,3,1,0,0,1,92.2,42.3,0
STU1516,Mark Jackson,15.8,88.8,7.4,4,1,1,0,1,88.5,40.4,0
STU1517,Charles Lee,13.9,81.5,6.7,0,1,1,0,0,89.9,69.5,1
STU1518,Robert Moore,23.1,57.0,6.5,0,2,0,0,1,85.3,73.4,1
STU1519,Margaret Martinez,13.4,76.2,9.2,0,1,0,1,1,86.0,74.5,1
STU1520,Mark Perez,24.8,88.0,8.4,0,1,0,0,1,98.0,90.9,1
STU1521,Christopher Garcia,21.6,94.1,7.2,0,2,0,1,0,81.6,75.1,1
STU1522,James Jones,6.8,89.7,4.2,0,1,1,0,0,47.7,35.3,0
STU1523,William Lopez,23.4,75.1,6.6,3,2,0,0,1,74.0,51.0,0
STU1524,Betty Wilson,4.7,68.0,10.0,0,1,1,0,0,66.3,47.8,0
STU1525,Mary Taylor,20.8,75.6,6.7,0,1,1,1,1,76.5,68.8,1
STU1526,Susan Gonzalez,10.8,94.1,8.3,0,0,1,1,1,55.4,58.3,0
STU1527,Anthony Rodriguez,22.2,98.1,8.7,0,1,1,0,1,60.5,68.1,1
STU1528,Betty Harris,22.0,96.9,7.3,2,1,1,0,0,70.9,48.7,0
STU1529,Joseph Harris,20.5,93.7,6.0,0,0,0,0,1,87.8,71.9,1
STU1530,Nancy Anderson,20.2,85.0,4.1,0,1,0,0,0,95.5,66.3,1
STU1531,Lisa Hernandez,9.0,98.8,7.8,0,1,1,0,1,80.7,69.1,1
STU1532,Donald Thomas,3.9,66.7,6.0,0,0,0,1,0,73.4,44.0,0
STU1533,Mark Taylor,11.3,90.2,7.2,0,1,1,0,0,69.2,62.4,1
STU1534,Betty Brown,6.0,92.7,5.5,0,1,1,1,1,45.4,55.5,0
STU1535,James Davis,18.0,67.3,6.7,0,0,1,0,0,66.7,56.1,0
STU1536,Thomas Williams,10.0,85.7,7.0,2,1,1,0,0,65.4,34.7,0
STU1537,Mark Martin,24.4,81.9,7.3,2,2,1,0,1,73.5,68.0,1
STU1538,Joseph Anderson,16.7,85.6,5.7,0,1,1,1,0,74.5,71.5,1
STU1539,Donald White,20.9,73.7,8.4,1,1,1,1,0,80.7,65.3,1
STU1540,Nancy Wilson,5.0,97.2,6.3,0,1,1,0,0,76.5,62.2,1
STU1541,Betty Thompson,21.8,87.2,5.0,0,1,1,0,1,74.9,67.3,1
STU1542,Susan White,23.2,76.4,6.9,0,2,1,0,0,54.8,52.2,0
STU1543,Mary Gonzalez,13.2,80.7,7.0,0,1,1,0,0,64.5,51.8,0
STU1544,Betty Wilson,15.9,86.7,7.2,0,0,1,0,0,73.9,67.3,1
STU1545,Anthony White,19.6,94.5,8.6,0,1,1,1,0,92.2,75.3,1
STU1546,Charles Miller,6.0,93.0,6.7,0,2,1,0,0,59.6,52.0,0
STU1547,John Anderson,13.6,94.9,6.9,1,0,0,1,0,78.9,58.5,0
STU1548,Daniel Wilson,11.2,99.3,5.7,0,2,1,0,0,75.0,61.4,1
STU1549,David Anderson,5.4,92.5,8.0,0,2,0,0,0,66.3,53.2,0
STU1550,Margaret Gonzalez,10.5,97.7,7.2,2,0,1,1,0,81.8,53.2,0
STU1551,Sarah Garcia,3.6,82.2,6.5,0,2,1,0,1,54.9,46.8,0
STU1552,John Jackson,2.6,82.0,4.7,0,1,1,1,0,55.1,37.5,0
STU1553,Joseph Harris,5.1,85.7,8.7,1,2,0,0,0,64.5,47.5,0
STU1554,Daniel Jones,24.2,91.4,5.5,0,1,1,0,0,73.0,72.5,1
STU1555,Margaret Martinez,14.6,72.7,6.3,0,1,1,1,0,76.4,65.4,1
STU1556,Michael Harris,24.2,91.9,7.4,0,1,0,1,1,72.3,73.6,1
STU1557,Thomas Miller,11.9,79.9,5.6,1,2,0,0,1,71.9,49.2,0
STU1558,Nancy Lopez,9.2,80.9,5.2,0,0,1,0,0,65.9,46.5,0
STU1559,Matthew Taylor,13.6,79.8,4.5,1,1,1,1,0,73.1,59.0,0
STU1560,Richard Martin,12.1,75.6,7.9,0,0,0,1,0,63.2,55.6,0
STU1561,Matthew Brown,4.4,82.6,6.3,0,1,1,0,0,59.5,48.0,0
STU1562,Elizabeth Williams,16.7,88.0,10.0,1,1,1,1,1,75.4,72.5,1
STU1563,William Gonzalez,7.0,47.5,5.8,0,1,1,0,0,62.8,41.0,0
STU1564,Sarah Anderson,16.3,87.2,5.9,0,1,1,0,0,73.7,62.1,1
STU1565,Patricia Anderson,17.0,97.4,6.3,0,0,1,0,0,96.3,75.6,1
STU1566,Nancy Johnson,5.5,76.9,7.3,1,0,1,0,0,51.7,31.0,0
STU1567,Joseph Davis,3.4,95.5,6.4,0,0,1,1,1,63.9,49.0,0
STU1568,Linda Taylor,20.0,90.6,7.7,0,1,0,0,0,58.3,62.7,1
STU1569,Barbara Jackson,12.6,96.6,5.8,0,2,0,1,1,76.7,76.3,1
STU1570,Elizabeth Rodriguez,3.3,76.2,5.3,2,0,1,0,0,48.4,16.5,0
STU1571,Robert Garcia,24.9,86.4,4.8,0,2,1,1,0,77.2,77.9,1
STU1572,Karen Johnson,3.3,69.2,4.3,0,2,1,1,0,56.2,49.8,0
STU1573,Anthony White,18.0,79.8,6.4,0,1,1,0,1,77.4,67.4,1
STU1574,Anthony Gonzalez,24.6,94.0,6.6,0,1,1,0,0,74.8,68.2,1
STU1575,Jennifer Jones,7.5,61.2,6.2,0,2,1,0,0,55.7,43.4,0
STU1576,Matthew Smith,5.3,88.1,8.5,0,0,0,1,1,82.3,61.9,1
STU1577,Christopher Perez,4.8,71.0,8.5,0,1,1,1,0,65.5,48.9,0
STU1578,Christopher Garcia,9.0,62.1,6.6,1,1,0,0,1,57.4,41.3,0
STU1579,Jennifer Thompson,4.3,93.6,4.8,1,1,1,1,0,62.1,37.8,0
STU1580,Jessica Brown,17.9,91.6,6.3,0,2,0,0,1,95.5,74.1,1
STU1581,Sandra Hernandez,3.4,68.0,6.3,1,0,1,0,0,57.8,31.0,0
STU1582,Sandra White,13.7,75.0,6.2,0,1,0,1,1,61.6,57.9,0
STU1583,Daniel Rodriguez,24.9,89.5,6.2,1,1,0,0,1,72.8,67.0,1
STU1584,Daniel Williams,20.7,93.1,6.2,0,1,0,1,0,71.6,76.1,1
STU1585,Charles Davis,16.2,71.8,6.5,0,1,1,0,1,64.2,58.6,0
STU1586,Robert Brown,9.0,92.4,6.2,2,1,1,0,1,53.4,41.8,0
STU1587,Lisa Garcia,16.3,90.1,7.2,1,2,1,0,0,60.7,50.3,0
STU1588,Mary Martin,14.1,83.7,7.4,0,1,1,0,0,61.5,58.5,0
STU1589,Margaret Hernandez,11.8,96.7,5.9,0,2,1,1,0,78.7,66.6,1
STU1590,Patricia Anderson,5.0,75.0,8.5,0,1,1,0,1,58.3,50.1,0
STU1591,Jennifer Perez,22.4,80.9,5.8,0,0,1,0,1,75.2,66.6,1
STU1592,Thomas White,12.3,81.3,5.1,0,0,0,0,0,85.0,61.7,1
STU1593,Jennifer Jackson,6.5,86.5,7.5,0,0,0,0,0,81.3,50.2,0
STU1594,Sandra Harris,10.5,81.7,6.0,1,1,1,1,0,64.9,39.7,0
STU1595,Mary Anderson,11.5,66.9,7.4,0,1,1,0,0,59.3,47.3,0
STU1596,David Davis,21.0,86.6,4.1,0,2,1,0,0,67.1,64.6,1
STU1597,Betty Jackson,18.9,98.1,8.7,0,2,1,1,0,85.8,81.9,1
STU1598,Richard Lopez,19.7,87.7,7.8,0,0,0,0,0,74.1,68.4,1
STU1599,Robert Garcia,2.3,91.6,5.2,0,1,1,1,0,58.6,49.2,0
STU1600,Betty Perez,11.6,85.0,5.2,0,1,1,0,1,59.9,52.1,0
STU1601,Patricia Jackson,13.1,97.3,9.0,1,1,1,0,1,63.5,48.9,0
STU1602,Karen Smith,2.4,97.3,6.1,1,0,1,1,1,68.0,48.4,0
STU1603,Karen Taylor,8.0,86.9,6.0,0,0,1,1,1,51.3,54.1,0
STU1604,Barbara Anderson,19.5,85.8,4.3,0,2,1,0,0,88.0,69.3,1
STU1605,James Wilson,5.2,89.0,6.6,0,2,0,0,0,58.7,48.9,0
STU1606,Ashley Garcia,14.3,68.1,6.7,1,0,0,0,0,67.5,45.2,0
STU1607,Robert Hernandez,6.9,76.7,7.9,1,1,1,0,1,48.7,36.1,0
STU1608,Donald Brown,2.3,96.4,5.3,0,1,1,1,1,63.8,57.6,0
STU1609,Richard Hernandez,7.5,88.0,5.2,0,2,0,0,1,62.9,61.2,1
STU1610,John Smith,24.4,81.1,7.5,1,1,1,0,1,78.8,67.7,1
STU1611,Jennifer Moore,20.4,89.0,8.2,0,0,1,1,0,95.0,74.3,1
STU1612,Lisa Martinez,24.1,75.3,5.1,0,2,1,0,0,80.3,69.2,1
STU1613,Robert Thompson,13.2,83.6,8.3,2,1,0,0,0,61.2,32.7,0
STU1614,Elizabeth Lopez,4.5,71.7,7.0,0,1,1,1,0,53.5,45.5,0
STU1615,Mary Gonzalez,14.6,85.2,8.3,0,1,1,1,0,79.3,70.5,1
STU1616,Linda Johnson,12.5,85.8,6.9,0,1,1,0,1,86.1,75.7,1
STU1617,Karen Smith,21.4,93.9,4.0,0,1,1,0,0,82.3,68.2,1
STU1618,Donald Jones,4.3,94.6,6.8,0,1,0,0,0,73.5,55.5,0
STU1619,William Taylor,13.2,95.8,8.3,0,1,1,0,0,79.9,63.6,1
STU1620,William Hernandez,5.5,79.9,5.9,0,0,0,0,0,81.0,49.6,0
STU1621,Joseph White,9.5,90.8,6.5,0,2,0,1,0,45.4,44.1,0
STU1622,Jennifer Thompson,19.0,89.2,6.8,1,0,1,1,0,84.2,63.8,1
STU1623,John Taylor,12.9,85.9,4.0,0,0,1,1,0,82.7,60.2,1
STU1624,Robert Lopez,10.6,72.3,9.0,0,1,1,0,1,50.9,52.1,0
STU1625,Sarah Wilson,11.1,82.7,5.9,0,2,0,1,0,58.3,52.0,0
STU1626,Christopher White,12.6,92.9,7.6,0,2,1,0,0,61.4,59.5,0
STU1627,David Rodriguez,20.1,99.7,6.9,0,1,1,0,1,69.9,70.0,1
STU1628,Mary Lopez,22.5,84.5,8.5,0,1,1,0,1,72.6,71.3,1
STU1629,John Williams,24.0,95.1,7.5,1,2,1,0,1,84.0,76.6,1
STU1630,James Davis,20.1,90.8,6.7,0,1,1,1,0,87.7,76.6,1
STU1631,Ashley Perez,9.3,89.0,5.9,2,1,1,0,0,81.4,50.0,0
STU1632,Margaret Davis,17.8,77.9,8.0,4,2,0,0,0,63.5,33.5,0
STU1633,David Rodriguez,12.1,79.2,4.8,0,0,0,1,0,59.0,46.9,0
STU1634,Robert Wilson,7.9,82.2,7.8,0,2,0,0,1,82.1,64.5,1
STU1635,Margaret Williams,21.3,87.3,5.7,2,2,1,1,0,85.6,61.0,1
STU1636,Christopher Jones,2.9,72.2,8.5,2,1,1,0,0,61.8,30.5,0
STU1637,Robert Jackson,22.7,75.2,7.2,0,2,1,0,0,82.8,80.1,1
STU1638,Anthony Wilson,12.6,63.9,7.8,0,2,0,1,0,67.0,53.5,0
STU1639,Betty Brown,16.7,72.4,7.1,0,0,0,0,0,78.1,57.1,0
STU1640,Matthew Gonzalez,17.2,73.1,4.9,4,1,0,0,1,68.3,30.7,0
STU1641,Elizabeth Harris,22.6,79.1,6.0,0,0,0,0,1,80.8,67.5,1
STU1642,Sarah Davis,16.6,89.2,7.8,0,1,1,0,1,56.2,59.5,0
STU1643,Linda Miller,16.1,81.5,7.2,1,2,1,0,0,64.5,54.7,0
STU1644,Linda Wilson,3.5,79.4,8.4,0,1,1,0,0,54.3,37.0,0
STU1645,Ashley Jackson,13.9,76.2,7.5,0,1,1,0,0,65.7,59.5,0
STU1646,Mark Garcia,5.5,79.0,5.8,0,1,1,1,0,52.7,47.5,0
STU1647,James Thompson,19.0,92.0,6.0,1,2,1,0,1,70.2,58.7,0
STU1648,Donald Anderson,13.8,85.5,7.1,0,0,0,0,0,53.3,39.0,0
STU1649,James Harris,17.6,61.7,4.2,0,1,1,0,1,77.6,56.2,0
STU1650,Thomas Smith,3.0,86.3,9.0,0,0,1,1,0,62.0,49.3,0
STU1651,Joseph Thompson,4.0,85.2,7.5,0,1,1,1,0,45.0,54.2,0
STU1652,Mary Wilson,18.5,72.9,8.5,0,0,0,1,0,63.4,60.5,1
STU1653,Christopher Davis,3.7,83.4,5.1,0,1,0,1,0,67.1,42.0,0
STU1654,Linda Jackson,3.6,80.0,8.5,0,1,0,0,1,56.1,45.2,0
STU1655,Michael Jackson,2.3,86.1,9.7,1,0,1,0,0,54.0,36.7,0
STU1656,Jennifer Garcia,24.0,83.5,5.4,1,2,1,0,1,78.5,69.5,1
STU1657,John Miller,19.0,69.7,7.9,0,0,1,0,1,77.4,59.8,0
STU1658,Charles Davis,10.1,80.5,7.0,0,1,1,0,0,50.6,45.4,0
STU1659,Elizabeth Martin,8.8,95.6,5.1,0,0,0,0,1,75.6,55.4,0
STU1660,Joseph Anderson,10.0,95.3,7.6,1,1,1,1,0,60.4,47.3,0
STU1661,Mark Smith,19.8,98.5,8.0,0,1,1,1,1,78.1,80.3,1
STU1662,Karen Miller,17.2,89.9,6.3,0,1,1,0,1,74.5,71.0,1
STU1663,Anthony Brown,6.3,88.5,8.4,0,0,1,1,1,59.6,59.0,0
STU1664,Mark Garcia,6.0,99.4,5.0,0,1,0,0,0,55.1,48.3,0
STU1665,Matthew Smith,4.3,92.7,5.2,0,1,0,0,0,61.5,44.1,0
STU1666,Mark Jones,17.2,89.1,7.2,0,2,1,0,0,94.3,79.0,1
STU1667,Anthony Thompson,19.6,59.1,7.0,0,1,1,0,0,55.8,51.8,0
STU1668,James Brown,8.1,96.9,6.1,0,1,1,0,1,89.0,69.2,1
STU1669,Nancy Johnson,2.5,93.7,8.0,0,1,1,1,1,60.6,53.9,0
STU1670,Elizabeth Jones,3.9,89.2,7.6,0,1,1,0,0,64.6,48.2,0
STU1671,Anthony Martinez,24.3,83.3,8.0,0,0,1,0,0,66.5,64.2,1
STU1672,James Perez,8.8,67.4,6.9,0,1,1,0,0,55.5,53.5,0
STU1673,Jennifer Gonzalez,19.7,95.7,7.7,0,1,1,0,0,71.7,69.0,1
STU1674,Donald Anderson,16.4,94.2,6.5,0,1,0,1,0,62.3,59.1,0
STU1675,Patricia Gonzalez,10.8,98.8,9.5,0,1,1,0,0,68.6,58.8,0
STU1676,Lisa Martin,6.7,85.6,6.0,0,2,1,1,1,61.0,56.1,0
STU1677,Lisa Anderson,4.8,96.2,9.5,0,0,1,1,0,88.1,75.3,1
STU1678,Mark Davis,16.1,59.1,7.0,0,1,1,0,0,55.4,46.1,0
STU1679,Robert Anderson,19.8,77.8,5.3,1,2,1,0,1,76.4,66.3,1
STU1680,Patricia Lopez,16.8,82.7,8.6,0,1,1,1,0,76.5,67.5,1
STU1681,Richard Johnson,14.2,70.5,7.2,0,1,0,1,0,56.7,53.2,0
STU1682,Anthony Jackson,3.0,85.8,8.0,0,1,1,0,1,71.1,59.2,0
STU1683,Charles Brown,24.3,86.9,8.5,0,0,1,1,1,75.3,74.5,1
STU1684,Patricia Hernandez,20.4,75.9,7.4,0,1,1,1,0,45.4,52.1,0
STU1685,Anthony Jones,8.7,84.5,6.3,0,2,0,0,0,75.2,64.2,1
STU1686,Karen Hernandez,24.5,92.3,8.2,0,0,0,0,1,67.7,74.0,1
STU1687,Sandra Martinez,15.8,79.6,7.0,0,1,0,1,1,59.7,64.1,1
STU1688,Linda Garcia,15.4,89.1,7.8,0,2,1,0,0,81.6,72.9,1
STU1689,Jennifer Davis,19.2,82.1,4.4,1,2,0,0,0,71.2,56.6,0
STU1690,Daniel Anderson,20.7,91.1,7.5,2,1,1,0,0,88.9,70.0,1
STU1691,Betty Wilson,17.1,92.4,6.2,0,1,0,0,0,89.7,70.4,1
STU1692,David Lopez,4.9,80.0,9.0,0,1,0,0,0,55.9,47.8,0
STU1693,Betty Gonzalez,9.8,85.7,7.7,0,0,0,1,0,77.8,54.4,0
STU1694,Linda Moore,23.3,85.7,7.3,0,1,0,0,0,70.1,62.7,1
STU1695,Matthew Smith,7.2,79.7,7.6,0,1,1,0,1,92.1,62.0,1
STU1696,Joseph Davis,10.6,85.4,5.8,0,2,1,0,0,60.6,58.2,0
STU1697,Margaret Hernandez,11.9,96.1,8.9,0,0,1,0,1,83.9,60.0,1
STU1698,Barbara Lopez,12.1,92.9,9.4,0,1,0,0,1,81.4,68.8,1
STU1699,Patricia Thomas,16.1,90.9,7.5,0,1,0,0,0,78.0,53.3,0
STU1700,Patricia Jones,23.7,73.5,8.9,0,1,1,0,1,69.6,66.6,1
STU1701,Lisa Jones,7.5,74.7,6.3,1,0,1,0,1,63.1,40.3,0
STU1702,Linda Martinez,4.8,67.2,6.0,0,1,0,0,0,45.0,39.3,0
STU1703,Thomas Rodriguez,6.5,80.5,7.0,0,2,1,0,0,67.6,54.9,0
STU1704,Nancy Jackson,22.4,76.0,7.5,0,1,1,1,0,81.2,69.2,1
STU1705,Mark Wilson,16.9,71.4,6.5,0,1,0,0,1,73.4,66.1,1
STU1706,Linda Rodriguez,8.6,98.2,7.6,0,1,1,0,0,45.0,47.5,0
STU1707,Nancy Hernandez,20.8,98.7,7.4,0,1,0,1,0,63.9,68.1,1
STU1708,Daniel Smith,21.8,57.7,5.8,0,1,1,0,1,64.8,53.8,0
STU1709,Susan Jones,21.5,92.1,7.6,0,2,0,0,0,82.1,70.5,1
STU1710,Christopher Wilson,23.1,87.8,8.0,0,2,1,0,0,82.8,73.2,1
STU1711,Patricia Perez,7.8,84.9,7.2,0,1,0,0,1,64.6,55.0,0
STU1712,Daniel Harris,19.4,85.2,8.4,0,1,1,1,0,83.5,74.9,1
STU1713,James Perez,12.6,91.1,5.5,0,2,0,1,1,59.1,67.8,1
STU1714,Daniel Jackson,21.4,71.3,7.6,0,1,1,0,1,82.8,73.4,1
STU1715,Linda Anderson,18.8,82.0,5.6,0,1,1,0,0,80.7,54.3,0
STU1716,Christopher Anderson,19.9,76.6,5.7,3,1,1,0,0,79.6,45.8,0
STU1717,William Lee,17.1,99.0,6.2,0,2,1,1,1,74.0,70.0,1
STU1718,William Martinez,6.1,87.1,5.9,0,1,1,1,1,87.5,63.3,1
STU1719,Karen Harris,14.5,74.9,6.3,0,2,0,0,0,76.4,57.2,0
STU1720,Christopher Rodriguez,24.6,93.5,6.7,2,2,0,0,0,69.8,55.0,0
STU1721,John Martin,23.6,81.9,8.0,1,1,1,0,0,81.8,60.3,1
STU1722,Matthew Hernandez,3.0,97.2,6.6,0,2,0,0,1,73.7,60.7,1
STU1723,Jennifer Johnson,5.8,70.2,5.1,0,2,1,0,1,55.8,40.8,0
STU1724,Michael Moore,5.0,91.4,8.4,0,1,0,0,0,78.5,59.2,0
STU1725,Anthony Johnson,18.7,93.4,6.0,0,0,1,0,1,81.2,79.1,1
STU1726,Anthony Taylor,20.8,94.1,6.9,0,0,1,1,0,50.3,53.4,0
STU1727,Ashley Hernandez,6.9,89.0,7.5,0,1,1,1,1,70.1,61.4,1
STU1728,Anthony Lopez,13.6,82.9,7.2,0,1,1,0,0,66.1,46.6,0
STU1729,Anthony Jackson,21.3,89.0,8.3,0,1,0,0,0,84.5,71.7,1
STU1730,Nancy White,18.9,69.0,7.6,1,0,1,1,0,84.4,63.1,1
STU1731,Matthew Miller,14.5,88.8,6.0,0,2,0,0,0,74.9,65.6,1
STU1732,Karen Garcia,15.6,83.5,9.6,0,1,1,0,1,92.6,77.5,1
STU1733,Christopher White,13.7,73.6,7.2,0,1,1,0,0,67.5,58.6,0
STU1734,James Taylor,8.8,99.1,6.8,1,1,1,0,0,77.1,65.0,1
STU1735,Mark Hernandez,15.0,58.7,8.2,1,1,0,0,0,78.1,57.6,0
STU1736,Nancy Moore,17.8,90.7,7.3,0,1,0,0,0,74.4,62.7,1
STU1737,Christopher Taylor,22.1,98.5,7.5,0,1,0,0,1,89.4,75.3,1
STU1738,Michael Taylor,16.6,82.5,10.0,1,0,0,0,1,66.2,54.7,0
STU1739,Karen Rodriguez,19.5,83.6,6.7,0,2,0,0,0,70.7,60.6,1
STU1740,Thomas Martin,5.7,86.7,6.6,0,2,1,0,0,49.4,47.3,0
STU1741,Nancy Perez,12.6,94.4,7.1,1,1,0,1,0,74.8,53.8,0
STU1742,Margaret Davis,2.2,98.5,8.3,0,2,1,0,1,68.1,59.8,0
STU1743,Thomas Miller,7.7,70.6,5.2,0,2,1,0,1,78.5,61.8,1
STU1744,James Gonzalez,18.7,99.8,4.6,1,0,1,0,1,87.1,65.9,1
STU1745,Sandra Thompson,24.8,91.7,6.3,0,2,0,0,1,77.8,73.7,1
STU1746,Charles White,4.3,92.9,5.0,0,2,0,0,1,50.9,52.4,0
STU1747,Charles Taylor,11.2,83.2,6.5,0,1,1,1,1,74.3,57.6,0
STU1748,Richard Thomas,20.4,85.8,7.6,0,0,0,0,0,90.2,69.3,1
STU1749,Linda Jackson,6.7,93.5,5.9,0,0,1,0,0,76.1,54.0,0
STU1750,Sarah Smith,14.8,65.7,5.3,0,0,0,1,0,82.3,58.3,0
STU1751,Susan Jackson,18.9,85.6,7.1,0,2,1,0,0,73.0,67.7,1
STU1752,Joseph Moore,16.2,91.4,8.0,0,1,1,0,0,68.7,65.4,1
STU1753,Mary Perez,6.3,84.7,5.0,0,2,1,0,0,56.6,46.6,0
STU1754,Margaret Taylor,10.2,96.7,8.0,0,2,0,0,0,69.6,59.8,0
STU1755,Sarah Garcia,20.0,64.0,8.0,3,1,0,1,0,72.3,42.1,0
STU1756,Charles Brown,14.7,80.6,8.1,0,1,1,0,0,74.0,59.2,0
STU1757,James Davis,2.1,49.2,8.5,0,0,1,0,0,55.2,36.2,0
STU1758,Mark Thompson,19.5,87.0,9.6,0,1,0,1,1,74.7,73.0,1
STU1759,Michael Williams,2.8,98.1,6.6,0,1,0,0,1,55.3,52.5,0
STU1760,Ashley Martinez,19.2,81.8,7.1,0,0,0,0,1,86.5,70.5,1
STU1761,Elizabeth Jackson,6.7,92.1,6.5,0,0,1,0,0,67.7,48.6,0
STU1762,Susan Johnson,24.0,83.0,7.0,0,2,0,0,0,77.2,73.7,1
STU1763,Margaret Smith,10.5,99.2,8.8,0,1,1,1,0,61.9,58.8,0
STU1764,Daniel Thompson,9.5,76.5,5.4,0,1,1,1,1,50.8,52.7,0
STU1765,Margaret Moore,5.4,81.3,6.0,0,1,1,0,0,79.9,55.2,0
STU1766,Michael Davis,9.0,73.1,8.7,0,2,1,0,0,72.5,55.2,0
STU1767,James Harris,22.2,98.1,8.2,0,1,1,0,1,60.6,72.1,1
STU1768,Daniel Williams,24.9,76.4,6.6,0,0,1,0,0,88.2,72.9,1
STU1769,Lisa Thompson,10.5,95.6,8.0,0,2,0,0,0,81.4,71.3,1
STU1770,Anthony Davis,12.3,67.6,7.4,0,1,1,0,0,69.1,57.2,0
STU1771,Nancy Harris,18.6,85.1,8.8,0,0,1,1,0,94.5,78.8,1
STU1772,Joseph Jones,22.4,83.5,7.1,0,1,1,1,0,80.7,69.2,1
STU1773,John Jackson,15.6,92.6,8.2,0,2,1,0,0,57.0,70.1,1
STU1774,James Anderson,11.0,97.1,10.0,2,1,0,0,1,75.4,50.0,0
STU1775,Linda Johnson,11.5,88.2,7.7,1,1,1,0,1,73.0,61.3,1
STU1776,John White,18.0,70.6,7.1,0,1,0,1,0,65.4,60.8,1
STU1777,Susan White,2.1,78.9,7.9,0,2,1,1,1,68.0,53.4,0
STU1778,Susan Hernandez,16.3,69.2,6.6,0,0,0,1,0,51.0,47.2,0
STU1779,Jessica Brown,10.2,97.8,9.9,0,1,1,0,0,82.4,67.8,1
STU1780,Karen Jones,20.3,95.8,7.2,0,2,0,0,0,67.7,72.6,1
STU1781,Nancy Lee,4.1,81.3,6.7,0,0,1,0,0,51.3,36.0,0
STU1782,Susan Thompson,15.5,86.8,6.0,0,2,1,0,0,71.7,61.7,1
STU1783,Jessica Moore,13.1,89.8,8.3,1,2,0,0,0,76.8,49.7,0
STU1784,Michael Martinez,16.8,93.6,8.0,0,2,1,0,1,77.1,81.2,1
STU1785,Michael Smith,3.5,94.3,6.4,1,1,1,0,0,55.7,34.9,0
STU1786,Daniel Lee,15.3,95.2,7.7,1,1,1,0,0,68.1,57.4,0
STU1787,Charles Thomas,14.9,69.9,5.2,0,2,0,0,1,56.5,52.7,0
STU1788,Mark Jackson,14.9,79.8,7.2,0,2,1,0,0,68.8,60.2,1
STU1789,Patricia Moore,15.9,91.9,7.5,0,0,1,0,0,87.0,71.2,1
STU1790,Mary Smith,17.6,95.3,9.0,0,2,1,0,1,75.9,82.7,1
STU1791,Joseph Jones,20.5,94.3,6.1,0,1,1,0,0,88.5,74.7,1
STU1792,Karen Hernandez,8.2,76.2,5.5,0,0,1,0,0,83.1,56.3,0
STU1793,Elizabeth Johnson,21.0,85.2,5.9,0,1,0,0,0,70.2,63.7,1
STU1794,John Thompson,13.5,82.0,5.4,2,2,0,1,0,68.5,51.2,0
STU1795,Daniel Lopez,3.8,90.5,8.6,0,1,0,0,0,90.3,60.3,1
STU1796,Karen Jones,3.3,96.2,8.9,3,1,0,0,0,82.1,44.7,0
STU1797,Robert Garcia,9.7,76.5,7.4,0,2,1,0,1,46.8,54.3,0
STU1798,Ashley Rodriguez,20.1,54.8,8.5,1,1,1,1,1,76.6,66.3,1
STU1799,Mary Lee,18.3,93.9,7.2,0,1,0,0,0,76.4,64.0,1
STU1800,Barbara Williams,20.1,97.4,6.9,0,1,1,0,1,88.3,78.4,1
STU1801,Karen Perez,13.9,91.3,6.6,1,1,1,0,1,63.5,55.5,0
STU1802,Barbara White,12.1,87.5,6.6,0,1,1,1,0,60.4,51.3,0
STU1803,Thomas Martinez,5.4,86.0,5.1,0,2,1,1,0,56.7,56.5,0
STU1804,Sandra White,9.5,88.1,7.3,0,1,1,0,0,61.6,52.7,0
STU1805,Anthony Wilson,12.0,87.9,7.0,0,2,0,1,1,80.2,72.7,1
STU1806,Daniel Taylor,4.0,84.3,7.9,0,0,0,1,0,49.4,40.3,0
STU1807,Sarah Jackson,7.1,94.0,7.1,0,1,0,0,1,59.9,48.9,0
STU1808,Thomas Wilson,15.8,73.1,6.8,0,1,1,0,0,49.7,45.6,0
STU1809,William Davis,18.9,77.6,6.0,0,0,0,0,0,86.5,64.6,1
STU1810,Mary Gonzalez,25.0,92.6,7.1,1,1,1,1,0,96.8,81.5,1
STU1811,Matthew Miller,23.5,96.9,7.9,0,1,0,0,0,77.0,73.4,1
STU1812,William Perez,16.8,89.4,5.6,0,0,1,1,1,70.9,67.4,1
STU1813,Nancy Hernandez,11.7,88.0,7.1,0,1,0,0,1,75.6,62.2,1
STU1814,Susan Brown,16.6,48.6,7.3,0,1,0,0,0,85.9,60.4,1
STU1815,Betty Gonzalez,20.1,83.8,6.1,0,1,0,1,1,81.2,79.9,1
STU1816,Mary Thompson,4.7,85.6,6.3,0,2,1,0,1,55.9,53.8,0
STU1817,Robert Hernandez,11.4,94.3,7.3,0,1,0,0,0,51.5,53.5,0
STU1818,Jennifer Moore,21.3,94.5,5.6,0,1,1,0,1,65.5,68.7,1
STU1819,Ashley Lee,10.8,97.2,7.4,0,2,0,0,0,71.8,56.3,0
STU1820,Elizabeth Brown,15.2,91.6,5.9,1,2,0,0,0,65.6,49.1,0
STU1821,William Garcia,15.5,97.1,8.3,0,1,1,0,0,77.0,69.7,1
STU1822,Mary Taylor,6.2,67.5,9.8,0,0,0,0,1,56.1,45.9,0
STU1823,Robert Harris,10.3,79.6,6.0,4,1,1,1,0,55.2,26.0,0
STU1824,Jennifer Lopez,9.7,77.9,7.6,0,1,1,1,1,53.0,61.0,1
STU1825,Daniel Lee,2.6,64.5,6.1,1,2,0,0,1,78.2,49.2,0
STU1826,Elizabeth Perez,2.6,94.4,8.2,0,2,0,1,0,74.5,65.7,1
STU1827,Christopher Harris,21.1,89.5,5.5,1,1,0,0,0,98.0,69.4,1
STU1828,Donald Garcia,8.3,59.8,7.6,0,2,1,0,0,69.7,47.9,0
STU1829,Anthony Davis,13.9,84.5,6.0,0,1,1,0,0,66.3,55.6,0
STU1830,Mary Lopez,8.9,71.0,6.8,0,0,1,1,0,81.3,53.9,0
STU1831,Richard Harris,23.6,92.3,5.8,0,2,1,1,0,80.0,83.7,1
STU1832,Christopher Miller,8.0,63.3,8.0,1,1,0,0,0,66.2,43.8,0
STU1833,Elizabeth Gonzalez,11.9,92.2,6.0,0,2,1,0,0,70.5,62.6,1
STU1834,Thomas Lee,22.1,83.1,7.7,0,2,1,0,0,45.0,61.9,1
STU1835,Margaret Wilson,21.4,76.8,6.6,0,1,1,0,0,95.5,65.7,1
STU1836,Ashley Johnson,6.3,83.6,6.9,0,1,1,0,1,71.1,59.1,0
STU1837,Margaret Perez,20.5,96.8,7.2,0,1,1,0,1,82.5,71.7,1
STU1838,David Smith,12.5,69.4,6.1,0,1,0,1,0,67.3,54.1,0
STU1839,Charles Lee,13.1,74.3,7.3,0,1,1,0,0,71.2,55.2,0
STU1840,Patricia Jackson,5.1,92.4,8.8,0,1,1,1,0,58.4,56.8,0
STU1841,Betty Lee,3.9,88.2,6.1,4,2,0,0,0,71.4,27.6,0
STU1842,David Davis,18.7,55.3,8.4,0,1,1,0,0,55.3,55.7,0
STU1843,David Brown,13.4,84.3,8.8,0,0,0,1,0,73.3,59.5,0
STU1844,Thomas Miller,12.0,87.0,6.0,1,1,1,1,1,77.1,63.7,1
STU1845,Linda Williams,18.8,83.0,5.3,0,2,1,0,0,72.7,64.5,1
STU1846,Nancy Johnson,19.6,95.6,7.4,0,1,0,0,1,82.1,68.4,1
STU1847,Daniel Anderson,5.7,83.3,6.3,0,1,1,1,0,52.8,43.1,0
STU1848,Lisa Perez,16.0,95.5,9.2,0,2,1,0,0,63.2,64.7,1
STU1849,Nancy Jones,5.1,81.0,7.0,0,1,1,0,0,66.7,53.9,0
STU1850,Lisa Smith,19.3,70.1,6.0,0,1,0,0,0,81.7,64.4,1
STU1851,Betty Brown,17.1,93.8,5.6,0,2,0,1,0,52.9,54.6,0
STU1852,Joseph Martin,24.0,89.5,8.3,0,0,0,1,0,86.5,76.5,1
STU1853,Charles Williams,3.6,90.7,6.3,0,2,0,1,0,57.6,58.7,0
STU1854,Karen Hernandez,3.3,93.6,7.1,2,0,1,0,0,62.0,34.0,0
STU1855,Thomas Gonzalez,8.5,82.7,8.1,0,0,1,0,1,50.8,46.9,0
STU1856,David Johnson,8.0,95.8,6.4,0,2,1,0,1,58.2,59.3,0
STU1857,William Johnson,7.7,75.8,6.9,0,1,1,1,0,76.8,61.1,1
STU1858,Christopher Rodriguez,22.8,83.4,7.0,2,2,1,0,0,78.8,57.2,0
STU1859,William Davis,7.7,87.1,7.8,0,2,1,0,0,62.3,56.5,0
STU1860,Thomas Smith,8.3,88.5,7.7,0,2,1,0,1,66.1,59.5,0
STU1861,Matthew Hernandez,19.5,53.5,6.7,1,2,1,0,0,77.1,57.2,0
STU1862,Linda Martinez,12.3,99.2,7.1,0,1,1,1,0,77.7,68.9,1
STU1863,Matthew Miller,19.9,87.3,6.6,1,2,0,0,0,75.7,63.2,1
STU1864,John Williams,3.5,82.6,5.2,0,0,0,1,0,76.0,47.5,0
STU1865,Sarah Jones,13.2,65.6,7.3,0,1,1,0,0,79.7,54.9,0
STU1866,Barbara Lopez,2.8,89.2,9.3,2,2,1,1,1,68.2,53.7,0
STU1867,Charles Garcia,3.4,53.7,5.9,0,1,1,1,1,59.1,43.7,0
STU1868,Mary Lopez,22.8,76.3,6.1,0,1,1,0,0,85.3,70.8,1
STU1869,Charles Jones,5.2,78.7,6.0,0,1,0,1,0,67.4,49.2,0
STU1870,Barbara Taylor,14.2,77.9,7.9,2,1,1,0,0,83.5,55.1,0
STU1871,Mark Taylor,11.5,93.6,7.5,0,2,0,1,0,81.7,67.5,1
STU1872,Elizabeth Harris,10.0,87.4,6.8,0,0,1,1,1,56.5,54.5,0
STU1873,Daniel Taylor,22.7,77.1,5.9,0,1,1,1,0,64.3,66.7,1
STU1874,Joseph Lopez,2.5,68.2,7.1,0,2,0,0,0,51.5,43.5,0
STU1875,Sandra Thomas,17.3,71.5,5.1,0,1,1,0,0,83.9,60.1,1
STU1876,Lisa Jackson,24.2,92.9,7.2,0,0,1,0,1,62.0,75.0,1
STU1877,Linda Lee,14.9,92.1,8.0,0,1,0,0,0,78.1,66.6,1
STU1878,Thomas Thompson,23.5,79.2,5.5,0,1,1,1,0,82.7,68.4,1
STU1879,Robert Perez,3.2,99.4,5.2,0,0,1,1,0,79.1,58.3,0
STU1880,Jessica Garcia,11.6,90.5,8.9,0,2,1,1,0,72.7,66.4,1
STU1881,Linda Harris,8.0,83.1,6.3,1,1,0,0,1,50.4,42.2,0
STU1882,Sarah Harris,18.8,77.2,8.4,1,2,0,1,0,62.8,57.6,0
STU1883,Barbara Anderson,24.6,93.6,6.8,0,2,1,1,0,67.2,74.4,1
STU1884,Anthony Rodriguez,7.9,83.7,6.8,0,1,0,1,0,60.1,47.9,0
STU1885,Richard Anderson,17.0,74.5,7.5,0,0,1,0,1,70.3,65.0,1
STU1886,Ashley Martinez,6.6,42.2,5.9,0,1,0,0,0,45.2,24.3,0
STU1887,Jessica Miller,15.0,95.1,7.2,0,0,1,0,0,91.6,65.2,1
STU1888,Thomas Thompson,12.7,90.0,6.5,0,2,1,0,0,55.4,56.0,0
STU1889,Betty Lee,24.4,80.4,5.4,0,0,0,0,1,95.3,82.5,1
STU1890,Nancy Miller,16.0,96.3,7.4,2,1,0,1,1,89.1,64.5,1
STU1891,Susan Anderson,10.0,94.6,6.7,0,1,1,0,1,80.7,69.4,1
STU1892,Christopher Miller,4.6,96.4,6.8,0,1,1,0,0,57.5,52.7,0
STU1893,William Jackson,5.5,93.1,5.5,0,1,0,0,0,70.1,54.7,0
STU1894,Jessica Davis,7.2,78.8,8.9,2,1,1,1,1,49.9,38.5,0
STU1895,Sarah Thompson,7.8,96.2,8.1,0,0,0,1,0,79.2,57.8,0
STU1896,Mark Moore,21.6,90.4,8.2,0,0,1,1,0,77.6,63.3,1
STU1897,Donald Martin,14.9,87.6,6.6,0,1,1,0,1,67.8,61.9,1
STU1898,Michael Williams,14.0,97.9,4.9,0,2,0,0,0,58.9,60.9,1
STU1899,Sarah Martinez,4.6,71.4,9.3,0,1,1,1,0,45.0,38.6,0
STU1900,Michael Taylor,21.8,74.5,6.9,0,1,0,0,1,63.8,65.5,1
STU1901,Susan White,18.6,83.2,6.1,0,1,0,0,1,88.4,68.6,1
STU1902,John Lopez,3.6,96.2,7.5,0,1,0,0,0,60.1,48.9,0
STU1903,Margaret Gonzalez,18.3,72.2,8.4,0,2,1,0,0,71.1,66.7,1
STU1904,Mary Williams,14.5,80.6,7.0,1,0,1,1,0,79.2,54.2,0
STU1905,Robert Hernandez,3.9,88.8,8.5,0,1,1,0,0,85.7,61.4,1
STU1906,Linda Thompson,12.5,81.8,8.3,0,2,0,0,0,85.9,65.5,1
STU1907,Daniel Lopez,13.1,77.8,5.7,0,2,0,0,0,58.2,53.9,0
STU1908,Michael Anderson,5.8,91.6,6.2,0,0,1,0,1,45.0,44.3,0
STU1909,Lisa Taylor,23.8,75.8,8.1,0,1,0,0,1,98.0,81.7,1
STU1910,Patricia Perez,21.5,88.2,4.0,0,2,1,0,1,98.0,87.5,1
STU1911,Matthew Gonzalez,17.4,79.9,6.8,1,0,0,0,0,75.8,55.4,0
STU1912,Sarah Smith,12.6,89.8,5.3,3,2,1,0,0,56.0,30.9,0
STU1913,Jessica Gonzalez,11.5,93.5,6.4,0,2,0,0,1,82.4,69.1,1
STU1914,Elizabeth Lopez,17.0,88.9,6.6,0,2,1,0,0,73.3,65.5,1
STU1915,Sandra Johnson,14.5,97.0,6.6,0,0,0,0,0,72.5,59.8,0
STU1916,Daniel Williams,3.4,48.8,6.3,0,2,0,0,0,68.4,51.5,0
STU1917,Elizabeth Johnson,13.8,96.5,5.7,0,1,0,1,1,77.2,71.3,1
STU1918,Sandra Thompson,20.5,84.6,9.8,0,2,0,0,1,62.6,61.4,1
STU1919,Richard Gonzalez,12.6,90.5,9.2,2,0,0,0,0,67.4,42.0,0
STU1920,Sarah Williams,3.2,94.0,5.6,0,0,1,0,1,72.2,45.7,0
STU1921,Anthony Miller,20.1,81.5,8.9,2,1,1,1,0,82.1,59.8,0
STU1922,Susan Martin,6.6,96.3,6.5,1,0,1,0,0,70.5,38.6,0
STU1923,Mark Taylor,7.9,75.1,7.2,1,1,1,0,1,76.5,48.7,0
STU1924,Mark Lee,5.8,89.6,6.9,0,2,1,1,1,61.4,53.5,0
STU1925,Barbara Harris,9.6,65.2,6.2,0,1,1,1,0,67.3,53.3,0
STU1926,Jessica White,19.4,88.8,8.2,0,2,1,1,0,45.0,60.4,1
STU1927,Barbara Anderson,13.9,55.6,7.2,0,0,1,0,1,61.8,50.7,0
STU1928,Matthew Martinez,6.7,93.3,6.4,0,0,1,0,1,76.2,58.4,0
STU1929,Sandra Harris,22.2,98.3,5.4,3,0,0,0,1,75.5,44.8,0
STU1930,Donald Miller,22.2,90.9,5.9,0,1,0,1,0,73.5,71.8,1
STU1931,Karen Jones,22.0,84.2,5.0,1,2,1,0,1,65.4,68.4,1
STU1932,James Taylor,7.5,61.6,7.0,1,0,0,0,1,74.9,45.8,0
STU1933,John Gonzalez,12.4,96.4,5.6,0,1,1,1,0,78.6,64.5,1
STU1934,Susan White,24.7,98.6,6.7,0,1,1,1,1,92.1,82.2,1
STU1935,Sandra Moore,19.8,78.8,8.6,0,2,0,1,0,54.6,58.4,0
STU1936,Patricia Moore,2.6,73.9,8.4,0,0,0,1,0,58.9,45.6,0
STU1937,Sandra Jones,3.5,86.1,7.0,1,1,1,1,0,60.0,47.6,0
STU1938,Matthew Thomas,12.7,93.6,6.9,0,0,1,0,0,68.5,57.8,0
STU1939,James Lee,22.9,90.5,9.3,0,1,0,1,0,72.2,76.8,1
STU1940,Susan Anderson,14.4,96.6,7.6,0,1,1,1,1,69.5,73.0,1
STU1941,William Anderson,13.4,66.5,6.6,0,2,1,0,0,78.6,61.8,1
STU1942,Thomas Harris,4.4,83.7,5.3,0,1,0,0,0,45.0,34.0,0
STU1943,Lisa Brown,17.1,88.7,7.5,1,1,0,1,1,96.0,75.3,1
STU1944,Barbara Jones,20.9,96.6,8.0,0,1,1,0,0,84.7,71.8,1
STU1945,Mark Jones,10.7,76.1,6.2,0,0,0,1,0,67.1,52.0,0
STU1946,David Garcia,19.8,92.7,7.3,0,1,1,0,0,88.3,75.5,1
STU1947,Michael White,24.2,91.3,6.6,0,2,1,0,0,63.3,74.3,1
STU1948,Donald Wilson,6.7,51.6,6.8,0,2,1,0,0,52.8,34.0,0
STU1949,Lisa Hernandez,14.0,97.0,4.0,3,2,1,0,1,72.0,48.2,0
STU1950,Sandra Gonzalez,8.6,82.2,6.7,0,2,1,0,0,83.2,68.0,1
STU1951,Mary Harris,20.2,85.8,8.2,0,0,0,0,1,76.2,71.8,1
STU1952,Michael Martin,15.3,86.3,6.2,0,1,0,0,0,78.2,65.4,1
STU1953,Patricia Davis,16.6,80.1,7.1,0,0,1,0,0,65.9,57.9,0
STU1954,Karen Perez,20.4,97.3,6.1,0,1,1,0,1,84.4,81.7,1
STU1955,Christopher Jackson,11.1,95.4,7.4,0,0,0,0,1,91.0,65.3,1
STU1956,Richard Wilson,23.0,85.5,6.7,0,1,1,1,0,90.9,73.3,1
STU1957,Elizabeth Hernandez,14.3,86.5,5.9,1,1,0,0,0,71.0,51.1,0
STU1958,Mary Harris,5.6,85.8,8.6,0,2,0,0,0,73.1,48.6,0
STU1959,Betty Rodriguez,18.0,86.4,8.1,0,2,0,0,0,81.9,75.6,1
STU1960,Thomas Williams,20.2,83.6,6.3,0,2,1,0,0,82.5,75.7,1
STU1961,Lisa Garcia,9.3,80.9,7.6,0,0,1,0,1,80.6,59.4,0
STU1962,Robert Jones,21.7,90.9,7.6,1,0,0,0,0,91.9,65.8,1
STU1963,Nancy Anderson,22.8,93.3,7.8,2,1,0,1,1,78.4,66.0,1
STU1964,Daniel Taylor,8.4,88.5,5.0,0,1,0,1,0,75.3,58.0,0
STU1965,William Williams,24.6,97.1,8.2,1,1,1,1,0,77.3,72.7,1
STU1966,Karen Taylor,5.2,82.7,6.3,1,1,0,0,0,53.2,37.7,0
STU1967,Mark Martinez,6.6,95.7,6.6,2,1,1,0,0,64.1,38.9,0
STU1968,John Moore,6.2,86.2,10.0,0,1,0,0,1,64.7,61.0,1
STU1969,Sarah Taylor,22.6,86.3,7.4,0,1,1,1,0,58.7,66.8,1
STU1970,Lisa Williams,17.0,94.7,6.5,0,1,0,1,0,85.8,70.4,1
STU1971,Ashley Williams,5.5,94.4,4.4,1,1,1,0,1,45.0,42.9,0
STU1972,Jennifer Gonzalez,12.1,98.0,8.7,0,1,0,0,0,98.0,68.9,1
STU1973,Lisa Anderson,16.2,91.7,5.4,0,1,0,0,0,92.4,69.1,1
STU1974,Matthew Rodriguez,3.9,93.1,5.8,0,0,1,1,0,61.6,52.6,0
STU1975,Patricia Wilson,22.3,93.2,6.6,0,1,1,1,1,79.6,76.1,1
STU1976,Robert Johnson,20.5,98.8,8.7,0,2,1,0,1,82.5,83.0,1
STU1977,David Rodriguez,13.6,93.3,7.9,1,2,1,1,1,65.5,65.5,1
STU1978,Lisa Williams,24.2,88.7,6.8,0,1,1,0,0,82.7,70.1,1
STU1979,Anthony Rodriguez,11.6,77.4,7.4,1,1,1,1,1,66.8,54.9,0
STU1980,John Harris,24.6,83.2,6.3,0,1,0,1,0,78.7,71.9,1
STU1981,Mary Lopez,17.4,75.9,7.2,0,1,1,1,0,75.1,63.2,1
STU1982,Elizabeth Rodriguez,16.6,85.8,7.1,0,1,1,0,1,58.0,69.2,1
STU1983,Joseph Davis,5.8,59.3,8.2,0,1,0,0,0,61.7,39.6,0
STU1984,Matthew Jones,22.3,95.7,8.2,0,1,1,0,0,81.8,79.0,1
STU1985,David Johnson,11.8,78.8,7.6,0,1,0,0,0,70.5,54.0,0
STU1986,Lisa Anderson,5.7,84.8,6.6,0,2,0,1,0,62.4,49.0,0
STU1987,Jennifer Davis,2.3,59.5,7.9,0,0,1,0,1,72.1,47.1,0
STU1988,Anthony Jones,14.9,94.0,6.9,0,2,1,0,0,69.4,66.6,1
STU1989,Jessica Moore,14.1,90.3,5.7,0,0,0,1,0,75.2,64.8,1
STU1990,Jennifer Jones,18.5,85.8,6.5,0,0,0,0,0,90.9,74.4,1
STU1991,Margaret Thomas,22.5,88.7,7.1,0,2,1,0,1,78.0,88.6,1
STU1992,Richard Jones,3.8,94.6,8.1,0,2,0,0,1,67.5,59.9,0
STU1993,Richard Taylor,18.8,44.4,6.8,0,0,1,0,0,68.2,46.4,0
STU1994,Sarah Davis,6.3,83.4,5.5,0,1,1,0,1,80.1,61.0,1
STU1995,Richard Jackson,21.7,94.3,7.1,0,0,1,1,1,76.1,74.2,1
STU1996,Betty Williams,20.8,68.0,7.1,0,1,1,0,0,89.9,73.0,1
STU1997,Lisa Davis,14.4,69.6,7.2,0,2,1,1,0,68.4,55.8,0
STU1998,Mary Davis,18.3,94.2,8.1,0,2,1,0,0,66.1,76.3,1
STU1999,Anthony Gonzalez,9.2,74.8,8.2,0,1,1,0,1,74.4,63.4,1
